user_id,course_id,update_time,collect_status,commit_status,duration,click_times,score
14593600000000.0,1149000000000000.0,5/7/2019 09:18:23,NO,NO,361,0,0
15723700000000.0,1629190000000000.0,28/3/2018 09:28:19,NO,NO,89,3,80
10364300000000.0,555776000000000.0,13/1/2020 05:45:34,NO,NO,2743,2,0
17997800000000.0,1633060000000000.0,27/5/2020 00:57:14,NO,NO,305,4,100
3840990000000.0,1448470000000000.0,24/6/2020 22:03:12,NO,NO,275,2,70
1453630000000.0,1.28368e+18,2/11/2020 14:14:31,NO,NO,1385,1,0
3918890000000.0,1363180000000000.0,5/5/2019 11:23:21,NO,NO,708,2,100
16799000000000.0,1904220000000000.0,5/7/2019 00:23:19,NO,NO,50,2,33
5494610000000.0,367589000000000.0,10/1/2020 06:07:02,NO,NO,3174,2,0
18847700000000.0,693948000000000.0,19/12/2018 04:44:31,NO,NO,6083,2,0
8070410000000.0,1450250000000000.0,22/7/2019 01:42:47,NO,NO,270,2,100
18381500000000.0,1.29389e+18,18/8/2020 05:12:35,NO,NO,365,2,100
19713900000000.0,1857840000000000.0,6/12/2017 00:42:30,NO,NO,341,3,0
5583320000000.0,1817480000000000.0,2/2/2020 13:08:41,NO,NO,264,2,100
2715440000000.0,1898340000000000.0,15/7/2020 01:13:04,NO,NO,105,3,99
16936000000000.0,1817890000000000.0,30/6/2018 13:51:08,NO,NO,464,4,67
2594930000000.0,1.26294e+18,24/5/2020 22:52:38,NO,NO,1415,4,0
10754600000000.0,1.28332e+18,30/9/2020 09:12:11,NO,NO,170,3,67
6184070000000.0,154522000000000.0,12/2/2020 03:53:16,NO,NO,148,2,100
15615900000000.0,1.21772e+18,29/3/2020 15:52:49,NO,NO,271,4,0
15518600000000.0,1220260000000000.0,2/9/2019 07:24:03,NO,NO,50,2,100
3450030000000.0,1936250000000000.0,30/5/2020 06:08:25,NO,NO,90,3,0
19386600000000.0,1324070000000000.0,28/9/2020 08:00:12,NO,NO,220,2,100
5995900000000.0,1.24491e+18,27/4/2020 14:14:50,NO,NO,98,2,0
11859700000000.0,1776190000000000.0,20/7/2020 06:42:26,NO,NO,125,2,100
18556400000000.0,1406840000000000.0,29/9/2020 15:02:11,NO,NO,190,3,33
2228410000000.0,1408200000000000.0,12/2/2020 09:03:57,NO,NO,21,3,100
15660500000000.0,1853640000000000.0,12/2/2020 02:32:27,NO,NO,101,3,100
8481840000000.0,1.32321e+18,4/11/2020 10:29:45,NO,NO,2850,6,70
4942300000000.0,1.30289e+18,3/11/2020 09:12:57,NO,NO,6365,5,0
2965770000000.0,1704480000000000.0,13/6/2019 11:49:00,NO,NO,173,3,100
4445760000000.0,1.24094e+18,31/3/2020 02:16:55,NO,YES,142,11,0
2564380000000.0,1911530000000000.0,31/3/2018 02:57:47,NO,NO,361,2,67
16936000000000.0,1635200000000000.0,29/3/2020 16:06:18,NO,NO,399,3,100
18609600000000.0,286247000000000.0,11/12/2019 01:37:58,NO,NO,180,1,0
4699420000000.0,1983700000000000.0,4/7/2019 14:42:52,NO,NO,87446,7,100
8661540000000.0,1618870000000000.0,21/3/2020 05:46:19,NO,NO,23,2,66
2959780000000.0,1.3185e+18,26/10/2020 01:22:23,NO,NO,1855,6,80
20329400000000.0,1530370000000000.0,29/6/2020 07:38:12,NO,NO,5,2,100
17001100000000.0,1.19775e+18,27/11/2019 02:52:25,NO,NO,235,1,0
3368310000000.0,1101700000000000.0,22/11/2019 04:13:18,NO,NO,30,2,65
14448000000000.0,1539970000000000.0,31/3/2020 03:42:23,NO,NO,40,4,0
2183080000000.0,1.32321e+18,10/11/2020 09:09:05,NO,NO,2850,4,100
12811700000000.0,1.25539e+18,30/4/2020 06:56:19,NO,NO,125,3,100
3598390000000.0,1.27712e+18,3/7/2020 04:51:58,NO,YES,1090,1,0
20373600000000.0,1578370000000000.0,22/8/2019 07:48:22,NO,NO,657,0,0
5396060000000.0,1760890000000000.0,10/5/2020 04:24:20,NO,NO,670,4,34
3062350000000.0,1212020000000000.0,11/6/2020 02:44:26,NO,NO,185,3,30
12971200000000.0,1921580000000000.0,12/3/2019 05:33:29,NO,NO,13,0,0
18585700000000.0,1109120000000000.0,1/5/2020 00:50:39,NO,NO,275,3,60
3723890000000.0,1179980000000000.0,10/6/2019 03:50:24,NO,NO,577,0,0
7466020000000.0,1915590000000000.0,23/6/2019 07:31:40,NO,NO,49,2,80
17992700000000.0,1182210000000000.0,17/2/2020 08:48:34,NO,NO,458,3,80
1813750000000.0,129901000000000.0,9/7/2019 05:53:51,NO,NO,938,2,100
9105250000000.0,1250080000000000.0,18/12/2019 23:13:33,NO,NO,15,3,100
5062640000000.0,605034000000000.0,29/10/2019 05:58:10,NO,NO,1860,4,0
17748300000000.0,117744000000000.0,26/9/2019 08:24:53,NO,NO,252,0,0
15694000000000.0,1.30677e+18,18/9/2020 02:27:02,NO,NO,330,3,67
4542830000000.0,1.23758e+18,26/3/2020 22:50:09,NO,NO,2495,1,0
20141000000000.0,184811000000000.0,17/10/2019 23:43:49,NO,NO,154,2,100
10364300000000.0,723847000000000.0,19/1/2020 00:31:52,YES,NO,3834,4,0
19825100000000.0,559023000000000.0,19/11/2017 23:11:18,NO,NO,962,3,0
15102000000000.0,1574450000000000.0,8/6/2020 08:35:04,NO,NO,210,3,70
11617800000000.0,494139000000000.0,31/7/2019 03:50:58,NO,NO,5723,2,0
17753300000000.0,835720000000000.0,28/11/2018 15:51:22,NO,NO,3231,17,0
19386600000000.0,1.28106e+18,22/7/2020 07:59:57,NO,NO,335,5,20
12476100000000.0,1940920000000000.0,30/5/2020 12:05:14,NO,NO,170,2,100
9036610000000.0,153686000000000.0,25/4/2018 13:03:43,NO,NO,271,0,0
3918890000000.0,1320460000000000.0,30/6/2020 15:59:52,NO,NO,195,4,100
3167410000000.0,1558860000000000.0,23/9/2020 13:26:31,NO,NO,245,2,99
18416900000000.0,1857840000000000.0,27/12/2017 00:46:13,NO,NO,212,2,75
3455180000000.0,1.29047e+18,19/9/2020 23:49:02,NO,NO,285,1,0
3167410000000.0,1330860000000000.0,17/12/2019 10:36:10,NO,NO,169,3,100
20404100000000.0,1200720000000000.0,10/6/2020 09:38:23,NO,NO,200,3,100
14593600000000.0,1866080000000000.0,28/5/2020 15:23:29,NO,NO,40,1,0
10890400000000.0,1.27344e+18,24/6/2020 04:40:33,NO,NO,350,3,20
7057200000000.0,1.21884e+18,15/4/2020 09:00:21,NO,YES,193,2,0
3062300000000.0,1500870000000000.0,21/9/2019 08:35:41,NO,NO,37,2,100
9230270000000.0,1556250000000000.0,11/6/2020 07:00:53,NO,NO,285,2,66
12234800000000.0,1.10826e+18,20/5/2019 00:08:20,NO,NO,10347,3,100
10890400000000.0,1462100000000000.0,27/9/2019 14:47:06,NO,NO,538,3,100
7900920000000.0,1841970000000000.0,11/8/2020 14:26:39,NO,NO,250,2,70
2809700000000.0,1309790000000000.0,4/11/2020 12:39:09,NO,NO,1195,2,0
6666900000000.0,1.29389e+18,25/8/2020 07:47:36,NO,NO,290,8,70
8481840000000.0,1892210000000000.0,17/12/2019 01:18:45,NO,NO,25,2,100
2234720000000.0,464906000000000.0,5/11/2019 13:55:03,NO,YES,1200,2,0
3062300000000.0,1379560000000000.0,9/11/2020 08:45:35,NO,NO,170,3,67
16799000000000.0,1781300000000000.0,16/12/2019 05:29:44,NO,NO,77,2,100
9036610000000.0,1900780000000000.0,14/10/2019 11:00:21,NO,NO,149,2,100
19710600000000.0,1567970000000000.0,25/2/2020 04:53:16,NO,NO,16,3,70
19713900000000.0,154522000000000.0,26/2/2020 12:01:52,NO,NO,6485,3,100
1453630000000.0,181134000000000.0,4/12/2018 16:15:51,NO,NO,25545,1,0
18261800000000.0,1675110000000000.0,9/7/2018 23:44:10,NO,NO,351,2,100
1453630000000.0,398345000000000.0,15/12/2019 04:08:28,NO,NO,1950,1,0
5411690000000.0,1933670000000000.0,28/2/2020 08:55:19,NO,NO,55,4,100
3198400000000.0,1206680000000000.0,16/3/2018 09:23:43,NO,NO,168,0,0
15570300000000.0,637875000000000.0,30/9/2018 00:36:58,NO,NO,1115,12,0
3794100000000.0,1669890000000000.0,24/4/2018 12:58:57,NO,NO,273,2,100
7533880000000.0,299983000000000.0,7/1/2020 09:57:10,NO,NO,2075,2,0
11375800000000.0,1911530000000000.0,13/6/2020 03:26:47,NO,NO,315,2,66
6505650000000.0,113848000000000.0,13/10/2019 02:40:27,NO,NO,17,2,100
16016600000000.0,1247960000000000.0,14/11/2019 01:01:01,NO,NO,70,2,100
6686860000000.0,1.26085e+18,23/9/2020 11:35:29,NO,NO,96,5,0
16864000000000.0,1498790000000000.0,18/5/2019 06:13:42,NO,NO,298,2,100
5470760000000.0,1.24781e+18,30/9/2020 12:52:23,NO,NO,1130,3,100
16204800000000.0,1678010000000000.0,9/6/2019 23:40:15,NO,NO,258,0,0
2828970000000.0,1119150000000000.0,25/3/2019 10:18:00,NO,NO,28,4,67
5820650000000.0,1894440000000000.0,12/12/2019 06:23:22,NO,NO,68,2,67
16884100000000.0,153958000000000.0,14/10/2018 02:17:34,NO,NO,0,1,0
16975100000000.0,1780970000000000.0,26/7/2019 03:43:32,NO,NO,125,5,100
2042110000000.0,1.24491e+18,23/8/2020 03:52:30,NO,NO,178,2,0
2809700000000.0,1.31057e+18,27/10/2020 10:30:36,NO,NO,255,2,100
16022300000000.0,173915000000000.0,23/3/2018 07:03:51,NO,NO,193,2,100
12936500000000.0,768518000000000.0,16/11/2019 08:16:16,NO,NO,1645,1,0
16692400000000.0,1153080000000000.0,4/6/2018 11:31:36,NO,NO,133,3,67
7941080000000.0,1845680000000000.0,11/2/2020 06:15:40,NO,NO,628,5,100
3195220000000.0,143622000000000.0,25/5/2018 03:27:41,NO,NO,497,2,60
14973000000000.0,1899940000000000.0,3/9/2017 10:27:44,NO,NO,2159,7,0
19710600000000.0,1471150000000000.0,15/9/2017 14:38:51,NO,NO,905,0,0
5820650000000.0,1.27573e+18,30/6/2020 07:24:39,NO,NO,580,2,100
4009130000000.0,1853460000000000.0,21/2/2019 03:00:18,NO,NO,395,5,100
14973000000000.0,1433980000000000.0,3/4/2019 12:07:25,NO,NO,1284,0,0
18710800000000.0,820357000000000.0,12/10/2018 00:54:07,NO,NO,0,1,0
9658380000000.0,1924360000000000.0,12/2/2020 08:29:23,NO,NO,409,2,100
16468600000000.0,1985200000000000.0,25/11/2019 14:00:05,NO,NO,7,0,0
2502020000000.0,688125000000000.0,7/12/2019 23:24:41,NO,NO,885,1,0
2502020000000.0,395117000000000.0,24/12/2019 06:07:39,NO,NO,870,3,0
3794100000000.0,1912980000000000.0,8/3/2019 10:05:05,NO,NO,1958,6,0
13972300000000.0,175935000000000.0,8/7/2020 07:54:06,YES,YES,195,3,100
14065600000000.0,1153080000000000.0,26/12/2017 10:56:22,NO,NO,93,2,100
12069000000000.0,1879460000000000.0,28/6/2019 05:53:34,NO,NO,49,0,0
9201260000000.0,1743870000000000.0,15/3/2019 07:07:14,NO,NO,17,2,66
7466020000000.0,1593880000000000.0,31/3/2020 02:43:37,NO,NO,23,3,70
9497790000000.0,1.31092e+18,30/9/2020 12:47:25,NO,NO,205,2,67
9658380000000.0,1805320000000000.0,26/2/2020 07:32:23,NO,NO,232,2,100
10161200000000.0,540215000000000.0,25/12/2019 22:31:25,NO,NO,2420,2,0
6505650000000.0,1177650000000000.0,20/11/2019 13:03:04,NO,NO,195256,3,100
19710600000000.0,1983700000000000.0,16/10/2017 10:24:32,NO,NO,316,4,80
9036610000000.0,1492780000000000.0,29/3/2020 12:25:45,NO,NO,134,2,100
16058400000000.0,1506180000000000.0,30/6/2020 12:11:46,NO,NO,250,3,0
9230270000000.0,1666090000000000.0,11/6/2020 07:41:45,NO,NO,390,2,66
9658380000000.0,1393830000000000.0,28/8/2018 03:21:10,NO,NO,878,2,100
4646050000000.0,770545000000000.0,22/12/2019 11:19:18,NO,NO,1145,1,0
5552340000000.0,1749540000000000.0,20/12/2019 15:23:53,NO,NO,45,3,100
18381500000000.0,1508670000000000.0,9/8/2018 23:27:14,NO,NO,666,2,60
5913620000000.0,126765000000000.0,1/11/2017 03:05:48,NO,NO,471,2,100
12860400000000.0,1661340000000000.0,2/3/2019 02:34:15,NO,NO,15,2,67
5574110000000.0,566291000000000.0,3/8/2019 04:53:14,NO,NO,788,1,0
10925700000000.0,1207470000000000.0,21/5/2019 06:04:05,NO,NO,254,2,0
5431800000000.0,1274900000000000.0,23/6/2020 06:48:25,NO,NO,405,3,33
7604030000000.0,1970650000000000.0,22/3/2019 01:16:25,NO,NO,121,3,67
2748690000000.0,1.26294e+18,29/6/2020 03:09:25,NO,NO,505,1,0
12846800000000.0,1854920000000000.0,28/6/2020 11:54:48,YES,NO,130,4,66
6686860000000.0,1.25352e+18,23/9/2020 13:00:00,NO,NO,63,3,0
17748300000000.0,111390000000000.0,15/3/2019 03:31:21,NO,NO,143,2,33
2809700000000.0,1759490000000000.0,11/11/2020 06:01:15,NO,NO,290,3,99
11859700000000.0,1196890000000000.0,20/7/2019 13:20:29,NO,NO,1590,3,76
4741680000000.0,1229140000000000.0,12/2/2020 04:01:49,NO,NO,26,2,100
18221100000000.0,12654100000000.0,22/3/2019 01:34:11,NO,NO,429,2,100
20277400000000.0,770545000000000.0,31/12/2019 04:17:48,NO,NO,1110,1,0
9201260000000.0,1902340000000000.0,9/9/2020 05:08:40,NO,NO,920,3,100
10514700000000.0,12394800000000.0,24/9/2020 13:37:24,NO,NO,290,3,100
4919290000000.0,1.30733e+18,20/9/2020 02:37:53,NO,NO,325,3,66
15846000000000.0,1398140000000000.0,30/5/2020 01:31:11,NO,NO,340,3,100
2715440000000.0,1781300000000000.0,25/12/2019 07:43:08,NO,NO,1018,2,80
11491000000000.0,1720340000000000.0,20/11/2019 03:12:36,NO,NO,13,0,0
5552340000000.0,1350430000000000.0,18/3/2019 03:00:06,NO,NO,553,2,67
6666900000000.0,1398140000000000.0,12/10/2020 03:09:27,NO,NO,325,3,100
3604840000000.0,1.2833e+18,29/7/2020 10:20:52,YES,NO,625,5,40
12762000000000.0,1288950000000000.0,17/12/2019 03:28:57,NO,NO,322,2,0
10925700000000.0,1134520000000000.0,11/9/2018 08:53:34,NO,NO,412,4,100
4673140000000.0,16083100000000.0,24/6/2020 02:51:47,NO,NO,81,5,100
17748300000000.0,1549570000000000.0,25/9/2020 07:29:55,NO,NO,255,2,60
10890400000000.0,1219170000000000.0,25/12/2018 13:34:31,NO,NO,247,3,33
10364300000000.0,415636000000000.0,20/11/2019 23:49:56,NO,NO,1315,1,0
12299900000000.0,152156000000000.0,24/2/2020 06:39:31,NO,NO,337,2,100
2564380000000.0,1660810000000000.0,5/2/2020 09:13:31,NO,NO,268,2,67
5694770000000.0,188050000000000.0,21/2/2020 02:14:04,NO,NO,65,3,100
16692400000000.0,1782400000000000.0,11/5/2020 11:42:46,NO,NO,305,3,100
6846560000000.0,1320240000000000.0,25/2/2020 08:06:47,NO,NO,69,3,100
9036610000000.0,1593380000000000.0,28/11/2019 13:40:52,NO,NO,35,4,0
14646100000000.0,723847000000000.0,20/12/2018 22:20:52,NO,NO,1592,1,0
6184070000000.0,1335650000000000.0,26/3/2020 08:49:47,NO,NO,406,2,100
18381500000000.0,1344360000000000.0,5/3/2018 13:45:19,NO,NO,851,0,0
8091590000000.0,1182210000000000.0,22/2/2020 05:41:26,NO,NO,393,2,80
4699420000000.0,1806250000000000.0,4/7/2019 15:01:16,NO,NO,1024,6,100
18191200000000.0,1.25542e+18,18/5/2020 23:09:20,NO,NO,465,3,100
3918890000000.0,1239410000000000.0,6/3/2019 14:38:46,NO,NO,16,0,0
14365300000000.0,1634920000000000.0,18/2/2020 02:59:03,NO,NO,472,3,100
8459130000000.0,1229140000000000.0,15/2/2020 12:23:16,NO,NO,243,2,100
10553300000000.0,1319650000000000.0,29/6/2020 09:51:47,NO,NO,245,5,100
13031500000000.0,154522000000000.0,12/2/2020 02:11:01,NO,NO,164,2,67
8396250000000.0,1395120000000000.0,16/9/2019 23:16:11,NO,NO,157,2,100
2594930000000.0,45153600000000.0,30/10/2019 12:58:11,NO,NO,1265,4,0
14365300000000.0,1718500000000000.0,25/6/2019 01:25:42,NO,NO,207,3,100
6666900000000.0,1493360000000000.0,27/2/2019 09:50:17,NO,NO,158,2,67
1570220000000.0,1468840000000000.0,2/6/2019 10:46:36,NO,NO,281,2,100
7702250000000.0,172695000000000.0,25/3/2020 14:31:46,NO,NO,24,1,0
17753300000000.0,283633000000000.0,8/4/2019 11:28:40,NO,NO,2450,1,0
15694000000000.0,1129800000000000.0,2/7/2018 14:09:25,NO,NO,460,2,100
2552200000000.0,1337480000000000.0,16/3/2018 14:16:20,NO,NO,444,2,67
13024200000000.0,1902200000000000.0,9/11/2019 01:54:26,NO,NO,1099,2,60
8712620000000.0,1790370000000000.0,24/10/2018 06:32:14,NO,NO,310,2,100
12566300000000.0,1774750000000000.0,18/9/2020 11:46:56,NO,NO,545,8,0
2042110000000.0,1.28721e+18,20/10/2020 01:12:13,NO,NO,720,2,0
5382950000000.0,1172330000000000.0,18/8/2020 06:18:40,NO,NO,195,3,100
3530030000000.0,1.17389e+18,20/9/2019 10:52:21,NO,NO,1270,5,60
11059600000000.0,369191000000000.0,3/12/2019 08:30:08,NO,NO,870,1,0
2788330000000.0,1697010000000000.0,20/10/2018 05:58:18,NO,NO,303,2,100
14973000000000.0,1570970000000000.0,16/2/2019 06:47:36,NO,NO,281,3,100
20329400000000.0,1.29412e+18,24/8/2020 04:40:09,NO,NO,555,2,100
5396060000000.0,1229140000000000.0,19/2/2020 11:55:00,NO,NO,69,2,100
10754600000000.0,116162000000000.0,30/9/2020 08:46:28,NO,NO,335,2,60
19509200000000.0,1.28437e+18,4/9/2020 21:58:37,NO,NO,3155,3,0
15851700000000.0,1952030000000000.0,28/4/2020 11:08:14,NO,NO,230,2,100
5803990000000.0,1.2826e+18,25/9/2020 12:38:22,NO,NO,285,3,0
16692400000000.0,1819150000000000.0,11/5/2020 11:20:57,NO,NO,978,7,100
4910540000000.0,1.2836e+18,15/10/2020 03:47:44,NO,NO,775,1,0
20373600000000.0,1657280000000000.0,21/6/2019 01:11:35,NO,NO,1046,2,100
14448000000000.0,1922620000000000.0,30/11/2019 10:10:46,NO,NO,29,2,70
13972300000000.0,1.27573e+18,4/7/2020 12:27:24,YES,YES,595,3,40
5073480000000.0,1.32599e+18,11/11/2020 04:57:03,NO,NO,445,2,80
11621000000000.0,1651530000000000.0,24/10/2018 09:44:06,NO,NO,292,3,100
8033930000000.0,1.18467e+18,3/9/2020 09:25:08,NO,YES,4525,3,0
1813750000000.0,1760610000000000.0,31/8/2018 12:08:31,NO,NO,109,2,100
5552340000000.0,1634920000000000.0,16/2/2020 13:05:50,NO,NO,485,5,100
3195220000000.0,1891330000000000.0,16/8/2018 00:52:54,NO,NO,468,4,100
13830100000000.0,1977610000000000.0,28/9/2018 01:06:33,NO,NO,380,2,100
17466700000000.0,188579000000000.0,2/11/2018 07:02:53,NO,NO,66,1,0
11621000000000.0,1.28838e+18,20/8/2020 07:55:40,NO,NO,175,2,100
5073480000000.0,1185090000000000.0,12/6/2019 08:22:46,NO,NO,558,0,0
20313100000000.0,1.29384e+18,25/8/2020 07:06:40,NO,YES,1710,4,60
11059600000000.0,238535000000000.0,5/12/2019 08:15:15,NO,NO,1270,1,0
5546720000000.0,607305000000000.0,7/11/2019 07:51:51,NO,NO,1368,2,0
16936000000000.0,1856090000000000.0,27/12/2019 00:37:48,NO,NO,19,2,100
12323100000000.0,1494940000000000.0,19/6/2020 08:31:35,NO,NO,255,4,30
16522900000000.0,17479700000000.0,28/2/2019 14:24:37,NO,NO,152,3,67
10364300000000.0,1.27572e+18,28/6/2020 11:46:12,NO,NO,870,2,0
15660500000000.0,1153650000000000.0,21/9/2019 01:16:10,NO,NO,27,4,100
18191200000000.0,1.32321e+18,7/11/2020 07:58:35,NO,NO,2875,8,70
20223900000000.0,1.28721e+18,13/10/2020 01:07:36,NO,NO,845,1,0
7533880000000.0,71826300000000.0,24/12/2019 04:51:33,NO,NO,685,1,0
4455430000000.0,1.25566e+18,7/5/2020 02:30:15,YES,YES,885,4,40
15518600000000.0,1343470000000000.0,13/2/2020 04:57:59,NO,NO,39,2,100
6666900000000.0,1379620000000000.0,7/3/2019 23:38:00,NO,NO,640,2,100
3368310000000.0,1853640000000000.0,25/2/2020 10:34:23,NO,NO,48,3,100
2552200000000.0,1760890000000000.0,31/8/2020 14:27:59,NO,NO,335,3,100
17997800000000.0,1616360000000000.0,14/11/2018 01:32:43,NO,NO,1215,4,80
2594930000000.0,1.29055e+18,14/10/2020 22:35:35,NO,NO,560,1,0
4741680000000.0,1806250000000000.0,8/8/2018 00:06:41,NO,NO,418,3,100
16468600000000.0,1539370000000000.0,15/3/2019 13:41:23,NO,NO,428,3,100
15660500000000.0,1320130000000000.0,19/6/2018 10:27:38,NO,NO,82,3,67
5590970000000.0,1774110000000000.0,30/5/2020 12:09:28,NO,NO,500,2,100
5694770000000.0,1570940000000000.0,18/2/2020 02:37:26,NO,NO,41,2,100
7702250000000.0,1972050000000000.0,4/11/2019 13:13:08,NO,NO,33,2,60
9409760000000.0,387447000000000.0,15/1/2020 05:18:41,NO,NO,5850,3,0
9497790000000.0,1439780000000000.0,9/2/2020 05:09:36,NO,NO,49,3,100
3062300000000.0,1695340000000000.0,14/9/2018 08:52:08,NO,NO,280,3,100
9915820000000.0,808108000000000.0,6/12/2018 04:18:22,NO,NO,1380,2,0
17466700000000.0,140842000000000.0,25/12/2019 11:25:30,NO,NO,2420,3,0
16403100000000.0,1970650000000000.0,10/6/2018 12:43:47,NO,NO,328,3,67
6666900000000.0,1539070000000000.0,20/2/2019 09:12:57,NO,NO,344,3,67
10890400000000.0,1923560000000000.0,26/6/2020 00:51:27,NO,NO,195,3,0
6666900000000.0,1823650000000000.0,27/2/2019 08:47:05,NO,NO,238,3,100
14365300000000.0,1363180000000000.0,6/5/2019 08:15:56,NO,NO,1273,2,100
2828970000000.0,1494470000000000.0,25/12/2019 10:00:35,NO,NO,19,3,100
15714400000000.0,1658110000000000.0,13/2/2020 06:04:20,NO,NO,63,3,100
19204500000000.0,1546340000000000.0,3/9/2020 14:26:57,NO,NO,735,3,100
20329400000000.0,1861540000000000.0,5/2/2020 08:11:47,NO,NO,966,2,100
18221100000000.0,1790320000000000.0,27/9/2018 03:19:43,NO,NO,1906,10,0
3455180000000.0,1.29302e+18,22/8/2020 07:33:22,NO,NO,2108,3,0
20730400000000.0,122110000000000.0,24/9/2019 07:54:47,NO,NO,359,2,100
20404100000000.0,1706910000000000.0,23/9/2019 12:59:29,NO,NO,22,3,100
2594930000000.0,157564000000000.0,29/10/2019 12:31:52,NO,NO,2873,2,0
1676200000000.0,1539370000000000.0,16/3/2019 02:41:25,NO,NO,424,2,100
6402970000000.0,1692540000000000.0,25/2/2020 08:29:04,NO,NO,23,2,100
5131000000000.0,985614000000000.0,9/5/2017 10:39:04,NO,NO,0,1,0
20643300000000.0,1113010000000000.0,16/12/2019 06:58:01,NO,NO,280,2,100
19911300000000.0,1495030000000000.0,25/8/2018 08:33:24,NO,NO,339,0,0
9798090000000.0,154771000000000.0,14/3/2018 22:49:42,NO,NO,221,2,100
2594930000000.0,395117000000000.0,21/10/2019 02:11:20,NO,NO,995,3,0
6666900000000.0,1500350000000000.0,25/9/2019 10:40:39,NO,NO,499,2,100
5431800000000.0,1.2663e+18,3/6/2020 03:32:32,NO,NO,550,5,80
20150600000000.0,1489700000000000.0,9/9/2019 03:33:10,NO,NO,364,4,67
19541800000000.0,1.26844e+18,16/6/2020 09:02:19,NO,NO,95,2,100
3918890000000.0,1747010000000000.0,29/6/2020 15:20:20,NO,NO,275,2,100
17748300000000.0,1515740000000000.0,10/9/2018 03:13:24,NO,NO,479,2,75
15846000000000.0,1720730000000000.0,3/10/2019 02:03:20,NO,NO,26,2,33
18081400000000.0,1463820000000000.0,31/3/2020 04:39:15,NO,NO,70,3,100
2965770000000.0,1219330000000000.0,24/6/2020 23:58:12,NO,NO,350,3,40
18381500000000.0,1239550000000000.0,12/2/2020 04:36:14,NO,NO,29,2,100
6566560000000.0,1.21772e+18,11/9/2020 02:31:15,NO,NO,243,2,0
6915960000000.0,129901000000000.0,26/7/2019 04:27:36,NO,NO,944,2,100
20597200000000.0,1.29384e+18,29/8/2020 07:00:21,NO,NO,1655,4,60
12566300000000.0,129901000000000.0,9/7/2019 14:36:06,NO,NO,58,2,100
9497790000000.0,1281460000000000.0,24/3/2019 07:54:55,NO,NO,27170,2,100
20647800000000.0,1.30105e+18,2/9/2020 06:58:40,NO,NO,245,3,50
3122950000000.0,415129000000000.0,18/11/2018 17:12:01,NO,NO,2547,15,0
18585700000000.0,1739300000000000.0,24/11/2019 02:01:08,NO,NO,33,2,0
3936100000000.0,1446500000000000.0,30/11/2018 07:33:11,NO,NO,2690,0,0
16799000000000.0,162062000000000.0,19/12/2019 09:22:58,NO,NO,16,0,0
16522900000000.0,1392080000000000.0,11/2/2020 10:10:56,NO,NO,31,3,100
13610500000000.0,1852710000000000.0,20/1/2019 12:53:13,NO,NO,378,1,0
3604840000000.0,1100060000000000.0,26/12/2017 10:51:11,NO,NO,398,0,0
18731400000000.0,166977000000000.0,5/3/2018 13:20:37,NO,NO,162,3,100
2398700000000.0,1.29412e+18,24/8/2020 09:18:07,NO,NO,550,3,100
16812200000000.0,1846950000000000.0,30/8/2018 03:25:45,NO,NO,224,2,100
18710800000000.0,160429000000000.0,11/10/2018 18:09:30,NO,NO,0,1,0
2128910000000.0,1.13872e+18,19/1/2020 06:46:55,NO,NO,1384,1,0
13024200000000.0,1506180000000000.0,30/6/2020 06:02:29,YES,NO,5,2,100
18221100000000.0,1928970000000000.0,26/3/2019 07:16:19,NO,NO,355,2,33
4942300000000.0,845957000000000.0,27/11/2019 06:40:36,NO,NO,3500,14,0
5913620000000.0,1596880000000000.0,13/12/2017 09:14:29,NO,NO,225,0,0
19713900000000.0,1233310000000000.0,28/9/2018 16:24:46,NO,NO,486,0,0
9036610000000.0,1927750000000000.0,20/10/2018 09:30:57,NO,NO,122,0,0
4455430000000.0,1385240000000000.0,8/4/2019 07:57:57,NO,NO,637,2,100
19559900000000.0,327787000000000.0,31/12/2019 10:12:46,NO,NO,2620,2,0
18586900000000.0,1.12569e+18,6/12/2019 01:59:06,NO,NO,1960,3,0
14365300000000.0,1283180000000000.0,20/3/2019 00:14:55,NO,NO,996,4,100
4203900000000.0,1512770000000000.0,12/2/2020 06:47:02,NO,NO,138,2,70
3918890000000.0,116162000000000.0,25/6/2020 12:42:33,NO,NO,285,3,60
10347900000000.0,1887930000000000.0,21/11/2018 09:33:36,NO,NO,56,3,50
12846800000000.0,1271360000000000.0,13/7/2019 13:57:13,NO,NO,700,2,100
2772650000000.0,1409230000000000.0,21/12/2018 09:49:41,NO,NO,2084,6,0
3482920000000.0,1219800000000000.0,6/3/2019 04:39:36,NO,NO,39,3,67
6686860000000.0,1.21547e+18,21/9/2020 02:48:01,NO,NO,184,8,0
14270000000000.0,808108000000000.0,16/1/2020 03:02:48,NO,NO,2548,2,0
7702250000000.0,1741200000000000.0,17/6/2020 00:04:11,NO,NO,150,2,100
1758930000000.0,377921000000000.0,21/12/2019 04:18:50,NO,NO,1285,1,0
15615900000000.0,1.23839e+18,26/3/2020 15:41:03,NO,NO,128,2,0
7941080000000.0,1692220000000000.0,10/5/2018 07:48:53,NO,NO,264,2,100
14270000000000.0,398683000000000.0,13/1/2020 13:24:45,NO,NO,775,1,0
13830100000000.0,1927480000000000.0,30/4/2020 09:18:02,NO,NO,185,2,100
2828970000000.0,1109540000000000.0,25/12/2019 09:58:14,NO,NO,26,2,100
15392900000000.0,958746000000000.0,23/12/2019 07:03:59,NO,NO,1400,1,0
5913620000000.0,1123430000000000.0,20/6/2019 11:35:13,NO,NO,190,2,100
1813750000000.0,1344670000000000.0,24/3/2019 01:21:21,NO,NO,196,0,0
18048900000000.0,1285760000000000.0,14/3/2018 06:43:28,NO,NO,215,0,0
6402970000000.0,160317000000000.0,20/12/2017 01:41:27,NO,NO,353,0,0
5411690000000.0,1459300000000000.0,28/9/2020 03:08:56,NO,NO,255,3,50
15723700000000.0,1471150000000000.0,29/9/2019 15:56:08,NO,NO,37,0,0
15851700000000.0,1.28838e+18,2/8/2020 06:28:34,NO,NO,270,2,100
6402970000000.0,1953380000000000.0,28/10/2018 03:57:35,NO,NO,399,3,100
6666900000000.0,1245910000000000.0,10/3/2019 12:01:33,NO,NO,297,2,67
4673140000000.0,1115690000000000.0,14/3/2019 09:28:21,NO,NO,153,2,100
18261800000000.0,1281460000000000.0,19/3/2019 10:09:33,NO,NO,63,2,100
6915960000000.0,1921580000000000.0,14/6/2018 22:38:34,NO,NO,261,0,0
15392900000000.0,1.23838e+18,21/3/2020 12:24:01,NO,NO,708,2,0
11491000000000.0,1147410000000000.0,9/10/2019 08:07:09,NO,NO,55,2,100
11875500000000.0,1281460000000000.0,25/3/2019 03:28:33,NO,NO,421,2,100
5552340000000.0,1197300000000000.0,22/3/2018 09:09:12,NO,NO,493,3,60
4455100000000.0,299204000000000.0,29/12/2019 13:20:11,NO,NO,2920,1,0
16884100000000.0,328517000000000.0,11/7/2016 17:58:08,NO,NO,4083,16,0
5803990000000.0,1.29396e+18,17/8/2020 02:41:37,NO,NO,185,2,100
10480500000000.0,1748180000000000.0,23/9/2018 01:27:56,NO,NO,363,2,66
2798570000000.0,1244900000000000.0,4/12/2019 01:38:15,NO,NO,847,0,0
19911300000000.0,1734090000000000.0,20/2/2020 08:30:54,NO,NO,18,3,100
6672700000000.0,1464240000000000.0,31/5/2018 14:49:33,NO,NO,453,4,33
18081400000000.0,1648120000000000.0,30/12/2019 15:33:53,NO,NO,20,2,100
20730400000000.0,1440040000000000.0,23/9/2019 10:13:16,NO,NO,142,3,100
15615900000000.0,1.28368e+18,11/8/2020 01:19:58,NO,NO,1460,3,0
3604840000000.0,1997620000000000.0,29/8/2019 09:41:36,NO,NO,66,2,100
4919290000000.0,1.3185e+18,22/10/2020 13:40:22,NO,NO,1855,5,100
18081400000000.0,1.25566e+18,13/5/2020 09:31:53,NO,NO,75,3,60
2788330000000.0,1.2663e+18,11/6/2020 04:02:15,NO,NO,30,3,80
18023400000000.0,234645000000000.0,22/12/2019 01:31:51,NO,NO,740,1,0
20150600000000.0,1657280000000000.0,21/6/2019 08:41:47,NO,NO,1021,2,100
4445760000000.0,1.28438e+18,13/11/2020 01:09:48,NO,NO,4820,2,0
18609600000000.0,755690000000000.0,17/1/2020 15:25:31,NO,NO,1030,2,0
18221100000000.0,1549570000000000.0,23/6/2020 02:30:55,NO,NO,255,3,60
3520990000000.0,1.23831e+18,13/4/2020 03:48:28,NO,NO,343,5,0
9915820000000.0,404716000000000.0,25/10/2019 07:08:13,NO,NO,1215,2,0
3520990000000.0,774733000000000.0,22/5/2019 03:03:56,NO,NO,25536,14,0
18609600000000.0,607663000000000.0,15/1/2020 17:32:04,NO,NO,3051,2,0
4455430000000.0,1.26844e+18,28/6/2020 14:51:58,YES,YES,20,4,100
15615900000000.0,1.29302e+18,4/10/2020 01:00:40,NO,NO,198,2,0
5382950000000.0,1752500000000000.0,10/6/2020 07:59:56,NO,NO,195,2,100
20730400000000.0,1703530000000000.0,23/9/2019 10:37:18,NO,NO,473,4,0
13024200000000.0,1185090000000000.0,31/5/2018 15:39:32,NO,NO,280,0,0
15518600000000.0,1820420000000000.0,7/6/2020 10:00:59,NO,NO,265,3,34
10131500000000.0,1578370000000000.0,28/9/2018 12:48:20,NO,NO,5,0,0
12323100000000.0,1634920000000000.0,15/2/2020 03:52:19,NO,NO,37,2,50
4673140000000.0,1738570000000000.0,12/4/2019 02:03:49,NO,NO,44,2,100
2748690000000.0,949040000000000.0,24/5/2019 12:27:44,NO,NO,13576,6,0
15670500000000.0,1.12568e+18,26/11/2019 03:15:06,YES,NO,1265,5,0
20329400000000.0,1747010000000000.0,8/3/2019 02:04:42,NO,NO,335,2,60
8505630000000.0,1.24093e+18,30/3/2020 08:13:24,NO,NO,98,3,0
15723700000000.0,1974410000000000.0,6/6/2020 09:02:57,NO,NO,175,3,33
12846800000000.0,1534890000000000.0,4/2/2020 08:54:19,NO,NO,192,2,100
3840990000000.0,1639280000000000.0,25/6/2020 06:11:46,NO,NO,260,2,100
15518600000000.0,1380270000000000.0,13/2/2020 02:57:35,NO,NO,40,2,100
16016600000000.0,1358030000000000.0,11/9/2019 00:56:20,NO,NO,134,1,0
16692400000000.0,1.26844e+18,10/6/2020 08:58:36,NO,NO,1305,3,100
18731400000000.0,1588690000000000.0,7/2/2020 08:34:36,NO,NO,16,2,60
13024200000000.0,1196480000000000.0,19/12/2019 15:47:58,NO,NO,37,0,0
15013500000000.0,736823000000000.0,9/10/2018 19:43:23,NO,NO,0,1,0
7533880000000.0,903261000000000.0,9/1/2020 01:09:23,NO,NO,2005,2,0
4455100000000.0,768518000000000.0,22/12/2019 08:35:20,NO,NO,1640,1,0
1813750000000.0,1399970000000000.0,22/9/2020 03:14:27,NO,NO,5,2,100
11375800000000.0,1624870000000000.0,20/9/2020 13:47:19,NO,NO,135,2,100
18081400000000.0,18696600000000.0,16/10/2018 06:06:24,NO,NO,238,3,100
11875500000000.0,1853000000000000.0,17/12/2019 03:41:13,NO,NO,216,2,67
10514700000000.0,1651310000000000.0,12/5/2019 23:37:36,NO,NO,268,2,66
13610500000000.0,1634920000000000.0,26/2/2020 05:05:18,NO,NO,237,3,100
18847700000000.0,55670400000000.0,19/12/2018 08:32:36,NO,NO,3056,2,0
9409760000000.0,337762000000000.0,28/12/2019 05:46:18,NO,NO,3245,3,0
16812200000000.0,1893410000000000.0,15/11/2019 03:35:31,NO,NO,184,3,100
7466020000000.0,1753750000000000.0,20/3/2018 12:47:42,NO,NO,1746,17,0
20647800000000.0,1.30075e+18,2/9/2020 02:46:32,NO,NO,315,5,67
5062640000000.0,140842000000000.0,25/11/2019 06:41:14,NO,NO,1435,1,0
19386600000000.0,1722540000000000.0,21/2/2020 08:05:03,NO,NO,64,3,100
17343900000000.0,1590900000000000.0,23/2/2018 00:06:19,NO,NO,1380,2,100
9409760000000.0,496089000000000.0,30/12/2019 23:28:01,NO,NO,1245,2,0
4910540000000.0,64233100000000.0,24/10/2019 11:53:54,NO,NO,1340,2,0
9116800000000.0,1100060000000000.0,23/8/2018 04:32:41,NO,NO,810,0,0
10514700000000.0,1657280000000000.0,21/6/2019 07:56:24,NO,NO,1061,3,100
4699420000000.0,1408200000000000.0,14/2/2020 11:15:44,NO,NO,23,3,100
14680500000000.0,1530280000000000.0,11/9/2018 11:35:42,NO,NO,634,0,0
19204500000000.0,1.2833e+18,6/8/2020 13:22:00,NO,NO,635,3,100
16884100000000.0,841773000000000.0,14/10/2018 02:40:43,NO,NO,0,1,0
4542830000000.0,1.1314e+18,21/2/2020 05:16:15,NO,NO,1869,12,0
13031500000000.0,1.2833e+18,27/7/2020 13:53:52,NO,NO,635,4,80
10860800000000.0,1276420000000000.0,2/4/2019 03:14:50,NO,NO,32,2,33
10131500000000.0,1.30287e+18,29/9/2020 06:55:08,NO,NO,350,4,40
14341900000000.0,1.24492e+18,25/4/2020 00:13:29,NO,YES,101,4,0
9116800000000.0,1617830000000000.0,29/1/2020 06:16:10,NO,NO,2,0,0
9798090000000.0,1520190000000000.0,16/4/2019 02:44:05,NO,NO,472,2,100
20597200000000.0,180953000000000.0,18/3/2019 08:22:35,NO,NO,177,5,100
3530030000000.0,520136000000000.0,6/11/2018 04:11:53,NO,NO,2506,11,0
12323100000000.0,1153080000000000.0,30/9/2020 02:19:52,NO,NO,70,2,66
15670500000000.0,1.12569e+18,14/11/2019 05:16:22,YES,NO,1040,2,0
13024200000000.0,1974410000000000.0,30/6/2020 05:39:16,YES,NO,5,3,33
20508600000000.0,1.29049e+18,7/9/2020 02:33:03,NO,NO,2685,1,0
10860800000000.0,1512770000000000.0,18/2/2020 03:07:55,NO,NO,25,2,70
3955110000000.0,1153080000000000.0,14/11/2018 07:49:57,NO,NO,55,2,0
14448000000000.0,142282000000000.0,19/11/2018 02:06:57,NO,NO,415,3,67
12846800000000.0,1590900000000000.0,13/2/2018 06:21:00,NO,NO,1206,2,100
9201260000000.0,14773700000000.0,27/6/2019 10:01:10,NO,NO,33,0,0
11752000000000.0,88105900000000.0,11/1/2020 23:44:14,NO,NO,3750,4,0
3840990000000.0,1365830000000000.0,24/6/2020 23:24:55,NO,NO,325,5,67
7466020000000.0,1797970000000000.0,22/3/2018 12:13:48,NO,NO,1144,11,0
15518600000000.0,1570860000000000.0,11/3/2019 10:01:05,NO,NO,55,3,100
16018700000000.0,1372620000000000.0,4/12/2019 01:33:12,NO,NO,106,2,100
4699420000000.0,1393830000000000.0,4/7/2019 00:41:39,NO,NO,895,4,100
5431800000000.0,1250290000000000.0,17/6/2020 11:50:29,NO,NO,315,3,25
10724500000000.0,1534890000000000.0,27/3/2020 10:48:39,NO,NO,199,2,100
6846560000000.0,1868590000000000.0,8/3/2020 06:20:26,NO,NO,115,3,100
6666900000000.0,1140830000000000.0,1/2/2020 03:00:31,NO,NO,219,2,100
4203900000000.0,1942450000000000.0,23/11/2019 03:07:55,NO,NO,33,3,100
5574110000000.0,777626000000000.0,3/8/2019 03:02:56,NO,NO,332,1,0
18556400000000.0,1459680000000000.0,15/8/2019 12:52:12,NO,NO,175,3,67
14680500000000.0,1904220000000000.0,30/12/2019 23:56:46,NO,NO,198,5,67
18416900000000.0,1787150000000000.0,18/7/2018 00:00:45,NO,NO,107,2,100
11375800000000.0,1667800000000000.0,11/6/2020 00:50:18,NO,NO,185,3,100
8070410000000.0,1449110000000000.0,4/7/2019 11:48:02,NO,NO,166,2,100
15392900000000.0,337762000000000.0,19/12/2019 06:31:29,NO,NO,1295,1,0
8505630000000.0,1.21884e+18,29/3/2020 08:46:41,NO,NO,126,4,0
18710800000000.0,382294000000000.0,10/10/2018 19:56:19,NO,NO,0,1,0
18847700000000.0,34278000000000.0,28/12/2019 04:39:58,NO,NO,1265,1,0
18381500000000.0,1141510000000000.0,22/10/2020 03:36:53,NO,NO,190,5,100
8091590000000.0,1748630000000000.0,26/6/2020 12:28:07,NO,NO,155,2,67
2959780000000.0,1912830000000000.0,10/10/2018 00:05:45,NO,NO,2,0,0
3840990000000.0,1748630000000000.0,24/6/2020 22:45:15,NO,NO,155,2,67
2965770000000.0,1.3072e+18,22/9/2020 06:36:59,NO,NO,270,2,70
16022300000000.0,1900870000000000.0,19/3/2019 02:45:55,NO,NO,703,3,100
1570220000000.0,1187080000000000.0,22/12/2019 10:37:41,NO,NO,28,2,100
18081400000000.0,116162000000000.0,30/7/2020 00:53:06,NO,NO,300,4,60
20373600000000.0,1.31049e+18,2/11/2020 01:55:03,NO,NO,185,3,30
16812200000000.0,1780860000000000.0,21/1/2020 00:48:25,NO,NO,247,4,100
3497610000000.0,429497000000000.0,29/7/2018 05:01:07,NO,NO,1847,9,0
10364300000000.0,927603000000000.0,29/11/2019 00:16:04,NO,NO,1730,1,0
3530030000000.0,1.24454e+18,2/7/2020 22:45:17,NO,NO,1430,4,0
20619500000000.0,342593000000000.0,19/10/2018 21:33:54,NO,NO,1980,5,0
5694770000000.0,1829330000000000.0,27/12/2019 14:43:00,NO,NO,228,3,67
3497610000000.0,1.12568e+18,18/8/2019 01:06:55,NO,NO,361,2,0
12846800000000.0,1.31486e+18,28/10/2020 07:45:25,NO,NO,15,1,0
9230270000000.0,1732120000000000.0,21/5/2018 03:56:07,NO,NO,916,4,100
2715440000000.0,1229140000000000.0,13/2/2020 06:06:01,NO,NO,68,2,67
5820650000000.0,1512770000000000.0,18/2/2020 07:06:43,NO,NO,234,2,100
19386600000000.0,134590000000000.0,28/9/2020 08:16:21,NO,NO,300,2,100
17001100000000.0,1.11042e+18,21/5/2019 19:56:37,NO,NO,565,5,0
8070410000000.0,113274000000000.0,13/7/2019 07:23:56,NO,NO,158,2,100
18847700000000.0,1.308e+18,29/10/2020 07:55:29,NO,NO,1290,1,0
15846000000000.0,1634920000000000.0,20/2/2020 04:36:15,NO,NO,59,2,75
9798090000000.0,1976510000000000.0,28/7/2018 23:59:52,NO,NO,370,3,100
5546720000000.0,1.28721e+18,5/10/2020 01:43:55,NO,NO,1325,1,0
3940900000000.0,1990960000000000.0,12/2/2020 03:14:30,NO,NO,31,2,100
20150600000000.0,1504660000000000.0,25/5/2018 11:32:06,NO,NO,245,3,100
10131500000000.0,1704480000000000.0,29/6/2019 01:44:11,NO,NO,57,3,100
1453630000000.0,530332000000000.0,5/12/2018 02:12:16,NO,NO,2563,2,0
10161200000000.0,768518000000000.0,30/12/2019 22:23:28,NO,NO,4935,4,0
5694770000000.0,1949760000000000.0,29/9/2018 22:56:05,NO,NO,366,2,67
8091590000000.0,1624960000000000.0,27/6/2020 14:38:59,NO,NO,460,3,30
18556400000000.0,1577080000000000.0,24/3/2019 00:51:08,NO,NO,154,2,66
1758930000000.0,47386400000000.0,28/11/2019 06:18:18,NO,NO,1620,5,0
6566560000000.0,1.21547e+18,15/9/2020 08:44:54,NO,NO,258,2,0
11236100000000.0,495635000000000.0,6/6/2020 14:47:43,NO,NO,50,1,0
4942300000000.0,1.30823e+18,23/10/2020 04:24:13,NO,NO,1820,2,0
7702250000000.0,1147270000000000.0,26/2/2020 03:55:34,NO,NO,125,2,100
16018700000000.0,146598000000000.0,26/9/2020 05:33:59,NO,NO,0,1,0
13610500000000.0,183871000000000.0,2/11/2019 05:34:00,NO,NO,108,2,100
16016600000000.0,1374130000000000.0,22/9/2020 01:50:05,NO,NO,425,2,66
6505650000000.0,1149000000000000.0,2/8/2019 08:29:18,NO,NO,724,0,0
3918890000000.0,1533190000000000.0,23/6/2019 14:58:37,NO,NO,167,4,100
19559900000000.0,1.28437e+18,27/10/2020 13:59:31,NO,NO,2265,2,0
5382950000000.0,1789730000000000.0,12/3/2019 06:27:38,NO,NO,277,4,100
4939750000000.0,1494290000000000.0,14/2/2019 09:09:35,NO,NO,358,2,67
3062350000000.0,1182210000000000.0,11/2/2020 09:21:16,NO,NO,120,3,80
4009130000000.0,1861540000000000.0,13/2/2020 10:31:04,NO,NO,972,3,100
9190370000000.0,1140830000000000.0,25/10/2019 14:19:37,NO,NO,232,2,100
10131500000000.0,1738290000000000.0,26/12/2018 12:52:23,NO,NO,26,0,0
17919600000000.0,1.31486e+18,26/10/2020 14:40:03,YES,NO,165,4,0
14065600000000.0,1761390000000000.0,5/8/2019 09:11:32,NO,NO,1162,3,100
13031500000000.0,1900870000000000.0,18/3/2019 10:06:55,NO,NO,257,2,100
12868100000000.0,1651270000000000.0,19/11/2019 10:46:40,NO,NO,11,2,67
20619500000000.0,1.24781e+18,17/4/2020 08:05:35,NO,NO,255,1,0
8014880000000.0,1629400000000000.0,14/12/2017 09:33:36,NO,NO,503,2,100
20597200000000.0,1843700000000000.0,28/6/2020 00:37:53,NO,NO,130,2,60
16864000000000.0,1207470000000000.0,12/6/2019 23:05:16,NO,NO,3,1,0
10547500000000.0,1.28577e+18,22/7/2020 08:39:36,NO,NO,1020,2,100
20647800000000.0,1.30863e+18,25/9/2020 03:13:02,NO,NO,1105,7,60
5494610000000.0,1.28368e+18,13/8/2020 00:05:59,NO,NO,945,1,0
18023400000000.0,1.21811e+18,17/4/2020 00:49:21,NO,NO,854,6,0
16204800000000.0,1340260000000000.0,12/3/2019 01:14:23,NO,NO,377,2,67
6846560000000.0,1495230000000000.0,11/4/2018 10:41:48,NO,NO,374,2,100
7604030000000.0,132708000000000.0,30/12/2019 05:26:30,NO,NO,13,2,67
2715440000000.0,1867020000000000.0,30/6/2020 10:09:09,NO,NO,200,3,30
7057200000000.0,817141000000000.0,16/4/2020 10:29:27,NO,YES,690,1,0
10347900000000.0,1267080000000000.0,21/11/2018 09:27:08,NO,NO,85,4,100
17466700000000.0,988075000000000.0,1/11/2019 03:47:25,YES,NO,1708,3,0
11752000000000.0,945721000000000.0,31/12/2019 10:55:32,NO,NO,680,4,0
19204500000000.0,1861540000000000.0,7/5/2020 13:46:36,NO,NO,233,8,80
4699420000000.0,1952270000000000.0,1/7/2019 13:21:35,NO,NO,282,0,0
10666300000000.0,1812900000000000.0,19/8/2020 00:57:41,NO,NO,840,1,0
19145200000000.0,122921000000000.0,16/6/2020 01:31:33,NO,NO,205,2,99
13852000000000.0,1148360000000000.0,26/6/2018 13:20:54,NO,NO,389,3,80
9798090000000.0,1395480000000000.0,24/9/2020 00:45:13,NO,NO,305,4,67
5431800000000.0,1581240000000000.0,16/6/2020 07:24:34,NO,NO,235,3,100
18416900000000.0,1634920000000000.0,12/2/2020 02:08:23,NO,NO,22,3,100
18559500000000.0,1.29021e+18,9/9/2020 13:35:16,NO,NO,1585,1,0
10553300000000.0,1590480000000000.0,23/12/2018 11:07:59,NO,NO,142,2,100
20141000000000.0,122995000000000.0,5/7/2018 11:36:50,NO,NO,295,3,100
6184600000000.0,1.25539e+18,30/4/2020 13:15:18,NO,NO,885,3,60
18381500000000.0,1393830000000000.0,24/8/2018 04:02:45,NO,NO,125,2,100
2831480000000.0,832043000000000.0,13/5/2019 21:21:05,NO,NO,510,2,0
6666900000000.0,1929730000000000.0,24/1/2019 01:05:41,NO,NO,254,2,100
8505630000000.0,1.21873e+18,30/3/2020 01:13:13,NO,NO,490,1,0
12868100000000.0,169402000000000.0,24/9/2019 13:03:03,NO,NO,24,2,67
6672700000000.0,1279220000000000.0,16/3/2019 07:30:20,NO,NO,809,2,70
15370300000000.0,1645860000000000.0,20/4/2019 03:50:28,NO,NO,317,2,66
10925700000000.0,1.3163e+18,26/10/2020 06:29:20,NO,NO,860,3,100
12299900000000.0,154150000000000.0,3/12/2019 06:51:36,NO,NO,185,3,75
2965770000000.0,1690060000000000.0,22/10/2018 12:56:22,NO,NO,444,4,100
6846560000000.0,1363180000000000.0,8/5/2019 00:28:33,NO,NO,1030,2,100
10547500000000.0,1616360000000000.0,13/11/2018 12:24:47,NO,NO,1208,3,100
2128910000000.0,30433100000000.0,21/12/2018 13:48:34,NO,NO,7,2,0
19784300000000.0,1599730000000000.0,18/9/2019 03:31:13,NO,NO,81,2,100
13972300000000.0,1.28838e+18,9/8/2020 13:17:23,YES,YES,260,2,100
16975100000000.0,132207000000000.0,16/12/2018 06:24:47,NO,NO,163,2,100
20141000000000.0,1391360000000000.0,11/6/2020 10:59:48,NO,NO,185,3,50
6672700000000.0,1.30864e+18,30/10/2020 00:32:35,NO,NO,155,2,100
18048900000000.0,1900870000000000.0,13/3/2019 03:16:10,NO,NO,24,3,100
17748300000000.0,1493670000000000.0,23/11/2017 15:41:56,NO,NO,990,3,100
4646050000000.0,55670400000000.0,1/12/2018 10:52:54,NO,NO,1592,3,0
14365300000000.0,1562130000000000.0,6/6/2019 03:09:14,NO,NO,377,3,100
2748690000000.0,988075000000000.0,21/11/2019 15:19:09,NO,NO,895,2,0
20643300000000.0,1530320000000000.0,16/8/2020 11:40:09,NO,NO,295,3,100
9008040000000.0,988075000000000.0,19/10/2019 00:02:55,YES,NO,850,5,0
6666900000000.0,1729810000000000.0,7/2/2020 10:22:31,NO,NO,177,2,67
16128900000000.0,1673260000000000.0,21/9/2020 06:55:06,NO,NO,130,1,0
3840990000000.0,1.3185e+18,23/10/2020 00:52:22,NO,NO,1860,4,40
15518600000000.0,198560000000000.0,27/9/2018 10:36:48,NO,NO,37,0,0
4455100000000.0,286247000000000.0,23/12/2019 02:54:26,NO,NO,1310,3,0
4418090000000.0,192900000000000.0,27/10/2019 18:38:20,NO,NO,3555,2,0
4673140000000.0,1.25541e+18,12/6/2020 03:43:21,NO,NO,285,2,67
17845900000000.0,1229140000000000.0,13/2/2020 00:55:11,NO,NO,30,2,100
16864000000000.0,1352030000000000.0,12/6/2019 22:24:43,NO,NO,579,4,80
5382950000000.0,1641290000000000.0,4/9/2020 09:37:04,NO,NO,290,3,100
18585700000000.0,1499480000000000.0,24/3/2018 14:58:38,NO,NO,1606,6,0
19541800000000.0,1.3072e+18,10/10/2020 00:45:48,NO,NO,220,8,100
10480500000000.0,1197470000000000.0,22/6/2018 03:03:36,NO,NO,260,2,100
19145200000000.0,1595580000000000.0,13/11/2018 07:52:13,NO,NO,1202,3,100
19911300000000.0,1242380000000000.0,19/3/2018 07:48:16,NO,NO,318,2,67
19204500000000.0,1447730000000000.0,1/12/2019 06:28:55,NO,NO,50,3,100
19825100000000.0,424505000000000.0,28/9/2018 17:43:48,NO,NO,0,1,0
16522900000000.0,1273940000000000.0,15/9/2020 09:05:23,NO,NO,180,2,100
15694000000000.0,1.32058e+18,26/10/2020 11:46:42,NO,NO,1130,9,80
15518600000000.0,1697820000000000.0,11/3/2019 10:16:49,NO,NO,32,2,67
19825100000000.0,115006000000000.0,27/9/2018 23:45:10,NO,NO,0,1,0
15714400000000.0,149760000000000.0,23/6/2019 01:18:21,NO,NO,36,3,100
16522900000000.0,1737670000000000.0,28/2/2019 14:55:20,NO,NO,154,3,100
5131000000000.0,823598000000000.0,15/1/2020 11:40:38,NO,NO,3280,4,0
2798570000000.0,1922620000000000.0,16/12/2019 05:02:12,NO,NO,32,3,100
10547500000000.0,1534500000000000.0,19/3/2020 05:22:46,NO,NO,37,0,0
19559900000000.0,1.21811e+18,14/4/2020 00:47:39,NO,NO,389,6,0
20730400000000.0,119813000000000.0,23/9/2019 06:20:30,NO,NO,375,3,50
13830100000000.0,1.29412e+18,26/8/2020 00:03:51,NO,NO,10,1,0
14415300000000.0,121479000000000.0,18/1/2020 12:48:10,NO,NO,6844,4,0
5583320000000.0,1646580000000000.0,23/7/2019 15:32:44,NO,NO,402,2,67
16058400000000.0,1664140000000000.0,8/8/2019 06:59:51,NO,NO,179,2,0
16522900000000.0,1707230000000000.0,26/12/2018 06:07:06,NO,NO,220,2,67
5574110000000.0,1.15942e+18,26/10/2019 06:32:46,NO,NO,220,2,0
17992700000000.0,132207000000000.0,4/4/2019 08:51:37,NO,NO,318,2,100
12846800000000.0,1987460000000000.0,3/4/2018 03:48:36,NO,NO,461,2,67
2042110000000.0,1.29302e+18,21/8/2020 05:57:11,NO,NO,678,3,0
6666900000000.0,1602300000000000.0,17/2/2019 12:41:15,NO,NO,351,2,100
13610500000000.0,1636380000000000.0,23/8/2019 04:00:48,NO,NO,20,1,0
19710600000000.0,1.32321e+18,7/11/2020 05:43:32,NO,NO,3000,9,80
4455430000000.0,168489000000000.0,28/6/2020 14:44:21,YES,YES,86,7,100
2809700000000.0,1239410000000000.0,9/11/2020 05:34:48,NO,NO,695,2,0
13031500000000.0,1256540000000000.0,25/6/2018 07:20:39,NO,NO,25,3,100
10754600000000.0,1810670000000000.0,30/9/2019 02:21:56,NO,NO,14,2,66
18308900000000.0,1.29047e+18,28/8/2020 04:43:06,NO,NO,2460,1,0
16949800000000.0,1.21546e+18,10/4/2020 11:22:19,NO,NO,141,4,0
17845900000000.0,1395480000000000.0,26/3/2020 10:30:57,NO,NO,21,2,34
4063300000000.0,1409350000000000.0,14/6/2020 10:16:30,NO,NO,425,3,100
2965770000000.0,1111180000000000.0,13/6/2019 12:23:27,NO,NO,887,3,100
6184070000000.0,1199660000000000.0,26/10/2018 07:45:56,NO,NO,352,4,100
15643700000000.0,1705900000000000.0,4/6/2020 06:21:46,NO,NO,180,2,100
14680500000000.0,154522000000000.0,16/2/2020 03:44:19,NO,NO,42,3,100
2959780000000.0,1459700000000000.0,21/6/2018 12:45:35,NO,NO,276,2,100
6566560000000.0,1.23683e+18,13/8/2020 11:29:24,NO,NO,2925,1,0
6846560000000.0,1912830000000000.0,9/4/2020 07:08:55,NO,NO,129,0,0
12846800000000.0,1434830000000000.0,4/2/2020 08:09:42,NO,NO,373,2,100
3918890000000.0,122597000000000.0,23/6/2019 10:03:25,NO,NO,24,2,100
10957700000000.0,142543000000000.0,28/6/2018 00:28:08,NO,NO,0,0,0
14973000000000.0,1161650000000000.0,2/9/2017 12:04:53,NO,NO,1602,11,0
20730400000000.0,1345430000000000.0,26/12/2019 14:45:03,NO,NO,241,2,100
3936100000000.0,1742000000000000.0,11/12/2019 09:23:42,NO,NO,47,2,70
5590970000000.0,1647860000000000.0,18/9/2019 09:28:23,NO,NO,13,2,66
5913620000000.0,1371630000000000.0,17/3/2019 03:52:14,NO,NO,215,2,100
18586900000000.0,201820000000000.0,19/12/2018 16:48:29,NO,NO,1242,9,0
15723700000000.0,1266210000000000.0,27/9/2018 02:25:46,NO,NO,28,2,100
5431800000000.0,1287410000000000.0,19/9/2019 07:09:31,NO,NO,18,2,67
8091590000000.0,1.28838e+18,31/7/2020 08:06:27,NO,NO,180,2,100
8481840000000.0,1983650000000000.0,24/6/2019 08:57:05,NO,NO,31,2,100
20508600000000.0,1.21884e+18,3/4/2020 14:33:19,NO,NO,1478,2,0
11617800000000.0,1.24589e+18,20/4/2020 07:33:25,NO,NO,2405,1,0
6184600000000.0,183229000000000.0,12/11/2018 09:31:46,NO,NO,202,2,100
10724500000000.0,1908760000000000.0,20/11/2019 15:53:47,NO,NO,286,3,100
8091590000000.0,1464240000000000.0,27/2/2019 15:00:22,NO,NO,479,2,67
2228410000000.0,1.28332e+18,23/9/2020 22:24:56,NO,NO,190,2,100
7466020000000.0,1573250000000000.0,25/12/2018 04:48:06,NO,NO,81,3,33
4009130000000.0,1593710000000000.0,30/3/2018 01:28:08,NO,NO,277,2,100
12936500000000.0,529161000000000.0,16/11/2019 03:32:33,NO,NO,1340,1,0
4542830000000.0,1.26078e+18,25/5/2020 05:15:45,NO,NO,3410,4,0
16468600000000.0,197419000000000.0,19/9/2019 14:58:00,NO,NO,199,2,100
16949800000000.0,1.2535e+18,29/4/2020 03:55:54,NO,NO,698,2,0
20730400000000.0,1655910000000000.0,17/6/2020 13:06:10,NO,NO,65,3,65
15643700000000.0,1.31085e+18,5/10/2020 12:22:19,NO,NO,210,2,100
3062350000000.0,1.28106e+18,24/9/2020 09:14:55,NO,NO,325,5,60
8712620000000.0,1662540000000000.0,14/11/2019 09:55:02,NO,NO,315,1,0
6566560000000.0,1.26085e+18,11/9/2020 05:31:51,NO,NO,1883,2,0
9116800000000.0,1415650000000000.0,25/2/2020 07:27:16,NO,NO,326,2,67
2788330000000.0,1321690000000000.0,12/8/2018 01:26:13,NO,NO,348,2,100
1758930000000.0,929733000000000.0,28/11/2019 04:02:13,NO,NO,1080,2,0
12323100000000.0,1754670000000000.0,14/2/2020 14:25:50,NO,NO,43,2,75
3122950000000.0,637875000000000.0,24/10/2018 16:27:12,NO,NO,1485,14,0
17997800000000.0,1412700000000000.0,7/6/2018 06:05:04,NO,NO,273,2,67
15570300000000.0,1.24997e+18,6/10/2020 00:41:40,NO,NO,17615,48,30
15694000000000.0,1387800000000000.0,20/12/2019 00:33:16,NO,NO,293,4,100
4418090000000.0,424517000000000.0,19/10/2019 00:14:04,NO,NO,795,3,0
4673140000000.0,1598200000000000.0,23/9/2019 10:41:08,NO,NO,97,2,67
16936000000000.0,1860700000000000.0,9/3/2020 00:00:34,NO,NO,186,1,0
2809700000000.0,1912580000000000.0,31/10/2020 03:53:10,NO,NO,205,2,100
16058400000000.0,1960590000000000.0,2/12/2018 08:40:12,NO,NO,438,5,100
1676200000000.0,1218670000000000.0,16/9/2019 11:38:14,NO,NO,5337,0,0
14341900000000.0,1.21811e+18,24/4/2020 11:40:25,NO,NO,1176,14,0
2398700000000.0,1828790000000000.0,28/6/2020 02:10:38,NO,NO,205,3,50
20329400000000.0,184811000000000.0,18/11/2019 09:12:40,NO,NO,1040,3,100
15615900000000.0,1.30801e+18,8/11/2020 08:50:59,NO,NO,9105,12,0
5913620000000.0,1450960000000000.0,17/3/2019 13:11:33,NO,NO,185,2,66
12323100000000.0,1464240000000000.0,21/3/2019 15:35:36,NO,NO,23,2,67
5382950000000.0,1257600000000000.0,18/8/2020 02:59:32,NO,NO,265,3,100
9524480000000.0,1.30863e+18,24/9/2020 01:40:46,NO,NO,1115,3,60
18585700000000.0,1951140000000000.0,30/4/2020 14:38:18,NO,NO,190,3,100
15615900000000.0,1.29301e+18,4/10/2020 06:02:23,NO,NO,438,2,0
3940900000000.0,135176000000000.0,30/1/2019 02:05:43,NO,NO,235,2,100
3368310000000.0,1399840000000000.0,26/4/2020 08:23:01,NO,NO,245,2,60
2965770000000.0,1502190000000000.0,19/6/2019 23:33:49,NO,NO,39,2,100
8070410000000.0,1408200000000000.0,26/2/2020 14:22:07,NO,NO,31,2,100
8014880000000.0,1615240000000000.0,24/6/2019 10:40:40,NO,NO,286,4,67
2502020000000.0,377921000000000.0,12/12/2019 04:36:21,NO,NO,1270,1,0
18585700000000.0,1429910000000000.0,28/6/2018 15:23:25,NO,NO,1697,9,0
4455430000000.0,1397320000000000.0,13/11/2019 14:24:09,NO,NO,53,2,100
15615900000000.0,803481000000000.0,29/3/2020 01:07:44,NO,NO,395,1,0
14646100000000.0,745390000000000.0,18/12/2019 05:16:39,NO,NO,620,1,0
9798090000000.0,1396470000000000.0,3/11/2018 01:17:27,NO,NO,339,2,67
16812200000000.0,1322050000000000.0,21/6/2018 09:06:05,NO,NO,492,4,100
19386600000000.0,1233490000000000.0,17/9/2019 08:27:09,NO,NO,40,2,100
10860800000000.0,1861540000000000.0,18/2/2020 03:18:16,NO,NO,28,2,80
8070410000000.0,1930410000000000.0,14/7/2019 00:24:44,NO,NO,139,2,100
8014880000000.0,1582290000000000.0,25/10/2019 08:58:34,NO,NO,87,2,100
5583320000000.0,1301680000000000.0,7/11/2017 14:17:22,NO,NO,597,3,100
19911300000000.0,1.28577e+18,24/7/2020 08:10:01,NO,NO,1010,4,80
9798090000000.0,1709130000000000.0,14/11/2019 01:15:21,NO,NO,57,3,100
6184070000000.0,1.3065e+18,30/9/2020 07:25:01,NO,NO,290,6,100
4673140000000.0,1645560000000000.0,24/2/2020 02:31:23,NO,NO,28,3,100
12234800000000.0,1.12568e+18,11/9/2019 13:24:09,NO,NO,8133,48,0
4418090000000.0,496089000000000.0,18/10/2019 00:03:46,NO,NO,1165,2,0
10480500000000.0,176301000000000.0,22/6/2018 06:03:54,NO,NO,174,2,100
15102000000000.0,1761390000000000.0,8/8/2019 05:52:28,NO,NO,112,3,100
3455180000000.0,1.1669e+18,14/9/2020 12:41:13,NO,NO,183,2,0
17343900000000.0,186735000000000.0,16/12/2019 08:41:01,NO,NO,22,2,67
4455430000000.0,1.27573e+18,6/7/2020 07:45:39,YES,YES,20,4,100
13418400000000.0,61430900000000.0,17/10/2018 17:45:43,NO,NO,0,1,0
13024200000000.0,1147270000000000.0,27/2/2020 04:14:55,NO,NO,237,3,100
6915960000000.0,1316040000000000.0,30/10/2019 14:30:45,NO,NO,891,2,100
5590970000000.0,1.30359e+18,22/10/2020 08:00:08,NO,NO,355,6,50
19204500000000.0,1556380000000000.0,28/10/2020 09:44:38,NO,NO,135,3,100
8505630000000.0,375772000000000.0,11/11/2019 12:51:36,NO,NO,715,2,0
16018700000000.0,1825530000000000.0,21/6/2019 02:17:57,NO,NO,22,0,0
15216000000000.0,1394240000000000.0,12/7/2019 16:34:38,NO,NO,285,2,100
5590970000000.0,152158000000000.0,31/5/2020 02:54:59,NO,NO,190,4,70
16949800000000.0,1.16727e+18,2/12/2019 00:44:06,NO,NO,61,1,0
16692400000000.0,1692540000000000.0,29/2/2020 02:03:30,NO,NO,214,5,100
18081400000000.0,1735730000000000.0,18/2/2019 14:40:35,NO,NO,356,2,66
20373600000000.0,1.31486e+18,2/11/2020 02:58:08,NO,NO,170,3,50
20647800000000.0,12654100000000.0,20/3/2019 06:35:40,NO,NO,539,4,66
13852000000000.0,1610490000000000.0,17/1/2019 11:19:32,NO,NO,96,5,100
18308900000000.0,540215000000000.0,5/11/2019 13:58:37,NO,NO,2418,2,0
4699420000000.0,1930410000000000.0,5/7/2019 23:00:03,NO,NO,296,3,100
10189000000000.0,1.29018e+18,26/8/2020 04:27:46,NO,NO,690,1,0
18847700000000.0,1.308e+18,29/10/2020 07:55:51,NO,NO,1435,1,0
10890400000000.0,171239000000000.0,13/6/2020 04:19:05,NO,NO,220,2,99
8396250000000.0,1758040000000000.0,15/6/2020 23:55:34,NO,NO,165,3,30
8338180000000.0,1155620000000000.0,26/9/2018 15:18:16,NO,NO,54,2,75
18321500000000.0,1392080000000000.0,11/2/2020 14:24:49,NO,NO,296,2,100
10890400000000.0,1168040000000000.0,14/12/2019 02:11:06,NO,NO,412,3,100
7702250000000.0,1244150000000000.0,16/7/2020 00:45:31,NO,NO,265,3,100
14448000000000.0,1654440000000000.0,30/3/2020 00:35:34,NO,NO,16,3,100
8014880000000.0,1567340000000000.0,26/10/2018 12:54:22,NO,NO,1279,0,0
12860400000000.0,1787150000000000.0,19/9/2018 07:22:05,NO,NO,184,2,67
9116800000000.0,1892670000000000.0,27/2/2020 00:40:07,NO,NO,268,2,100
20329400000000.0,1984420000000000.0,29/6/2020 07:22:49,NO,NO,370,4,100
15570300000000.0,1.24997e+18,6/10/2020 00:41:40,NO,NO,17615,48,50
3167410000000.0,1.29389e+18,18/9/2020 09:44:58,NO,NO,1125,7,100
18559500000000.0,1.28436e+18,9/10/2020 05:38:32,NO,NO,2445,3,0
15851700000000.0,1298180000000000.0,13/12/2019 11:51:03,NO,NO,1247,0,0
18308900000000.0,1.29055e+18,5/9/2020 06:35:36,NO,NO,5355,11,0
8481840000000.0,1147270000000000.0,21/2/2020 07:03:01,NO,NO,42,2,100
12860400000000.0,1583290000000000.0,27/6/2019 10:49:15,NO,NO,39,2,67
8033930000000.0,1.25797e+18,11/8/2020 01:12:52,NO,NO,67,8,0
15570300000000.0,1.2485e+18,28/9/2020 11:45:49,NO,NO,4785,13,90
9105250000000.0,1600210000000000.0,7/11/2018 14:44:29,NO,NO,263,2,67
9658380000000.0,1574930000000000.0,12/2/2020 07:07:48,NO,NO,535,2,100
8661540000000.0,126232000000000.0,5/3/2020 07:46:23,NO,NO,23,2,100
8091590000000.0,1634920000000000.0,22/2/2020 11:38:27,NO,NO,2407,2,100
3062350000000.0,1771570000000000.0,27/2/2019 06:04:10,NO,NO,369,3,100
13031500000000.0,126259000000000.0,17/9/2019 03:14:12,NO,NO,199,4,100
12762000000000.0,1690060000000000.0,28/2/2020 10:25:56,NO,NO,16,5,0
19911300000000.0,1.3185e+18,22/10/2020 09:19:25,NO,NO,1850,3,100
3840990000000.0,1.28577e+18,23/7/2020 02:31:55,NO,NO,1010,4,40
12299900000000.0,1740270000000000.0,24/9/2019 03:22:53,NO,NO,347,2,0
20488300000000.0,1197470000000000.0,13/3/2018 12:53:41,NO,NO,317,2,100
3840990000000.0,1730180000000000.0,23/9/2019 13:03:42,NO,NO,50,2,67
18023400000000.0,1.2902e+18,15/10/2020 04:30:53,NO,NO,410,1,0
15851700000000.0,1333010000000000.0,20/12/2019 11:10:59,NO,NO,14,2,100
3955110000000.0,1509680000000000.0,4/11/2019 00:25:10,NO,NO,125,2,67
2809700000000.0,1350430000000000.0,2/2/2018 14:46:39,NO,NO,269,3,100
14065600000000.0,1239410000000000.0,5/3/2019 04:58:59,NO,NO,341,0,0
5396060000000.0,1839160000000000.0,4/11/2019 13:38:43,NO,NO,169,2,70
3368310000000.0,12394800000000.0,6/12/2019 14:34:29,NO,NO,31,2,100
4673140000000.0,1.25358e+18,8/5/2020 13:14:16,NO,NO,260,3,67
5995900000000.0,1.23186e+18,27/4/2020 12:03:52,NO,NO,188,2,0
10890400000000.0,1997620000000000.0,29/7/2019 06:37:44,NO,NO,960,3,60
10161200000000.0,1.29018e+18,2/10/2020 03:51:32,NO,YES,300,1,0
15013500000000.0,182265000000000.0,11/10/2018 17:59:48,NO,NO,0,1,0
16468600000000.0,1853640000000000.0,12/2/2020 01:58:31,NO,NO,46,3,100
20277400000000.0,375772000000000.0,10/12/2018 07:46:56,NO,NO,715,1,0
4910540000000.0,1.30316e+18,4/11/2020 06:12:52,NO,NO,9905,8,0
3079820000000.0,1513370000000000.0,17/7/2018 15:07:26,NO,NO,142,2,100
2228410000000.0,1781300000000000.0,29/11/2019 07:51:25,NO,NO,64,3,100
17919600000000.0,1872520000000000.0,16/4/2020 17:22:11,NO,NO,19,2,33
5073480000000.0,1781300000000000.0,10/12/2019 09:40:18,NO,NO,939,2,80
5546720000000.0,729357000000000.0,7/11/2019 16:55:25,NO,NO,1258,2,0
3598390000000.0,668799000000000.0,5/12/2018 13:47:09,NO,NO,1565,2,0
1758930000000.0,949040000000000.0,17/5/2019 06:08:20,NO,NO,6969,6,0
2772650000000.0,1530320000000000.0,23/6/2020 08:14:09,NO,NO,600,4,0
17919600000000.0,1809190000000000.0,11/12/2019 10:42:45,NO,NO,7,2,50
15615900000000.0,1.29047e+18,6/10/2020 00:16:55,NO,NO,320,1,0
10189000000000.0,1.29055e+18,10/10/2020 05:46:23,NO,NO,535,1,0
8070410000000.0,1192820000000000.0,30/3/2020 13:58:13,NO,NO,189,2,100
4939750000000.0,1866400000000000.0,22/3/2019 03:39:39,NO,NO,759,2,100
15370300000000.0,1722540000000000.0,13/2/2020 10:12:19,NO,NO,235,2,100
19204500000000.0,1945730000000000.0,8/6/2020 14:26:02,NO,NO,420,2,100
11236100000000.0,607663000000000.0,5/12/2018 07:04:45,NO,NO,1526,1,0
3062300000000.0,1904220000000000.0,19/3/2018 16:12:55,NO,NO,196,4,67
18321500000000.0,1714170000000000.0,22/9/2020 01:58:19,NO,NO,235,3,30
19559900000000.0,1.29019e+18,19/9/2020 12:58:38,NO,NO,1850,3,0
16884100000000.0,378895000000000.0,14/10/2018 02:34:40,NO,NO,0,1,0
9190370000000.0,195547000000000.0,25/6/2020 00:51:12,NO,NO,300,2,100
5913620000000.0,1776520000000000.0,14/6/2020 07:12:16,NO,NO,205,3,0
8459130000000.0,1185090000000000.0,26/3/2018 14:55:06,NO,NO,279,0,0
18023400000000.0,808108000000000.0,14/12/2019 08:04:27,NO,NO,1290,2,0
18710800000000.0,950177000000000.0,4/12/2017 05:23:22,NO,NO,2604,8,0
9524480000000.0,1902200000000000.0,6/11/2019 02:48:40,NO,NO,1177,4,100
16864000000000.0,1115690000000000.0,15/3/2019 23:19:23,NO,NO,1955,6,100
18847700000000.0,226138000000000.0,18/12/2019 12:00:32,NO,NO,1300,1,0
2183080000000.0,1279090000000000.0,9/8/2019 13:30:39,NO,NO,233,3,100
12971200000000.0,1316040000000000.0,28/10/2019 10:24:21,NO,NO,46,2,100
2959780000000.0,1422920000000000.0,19/12/2019 06:25:37,NO,NO,29,2,100
14341900000000.0,1.24094e+18,16/4/2020 01:34:10,NO,NO,268,2,0
3482920000000.0,1408080000000000.0,2/6/2020 02:41:57,NO,NO,280,2,75
4741680000000.0,168489000000000.0,12/2/2020 04:03:25,NO,NO,39,3,100
20404100000000.0,182514000000000.0,16/9/2020 14:53:36,NO,NO,405,3,99
6666900000000.0,1592390000000000.0,7/5/2019 07:47:26,NO,NO,241,2,67
12846800000000.0,1618750000000000.0,25/10/2018 13:22:10,NO,NO,243,3,100
8033930000000.0,1.29021e+18,17/9/2020 15:30:30,NO,NO,320,1,0
6184070000000.0,1.32321e+18,6/11/2020 03:36:17,NO,NO,1025,1,0
13610500000000.0,1636830000000000.0,14/6/2018 07:41:21,NO,NO,275,0,0
10514700000000.0,1.32058e+18,27/10/2020 00:18:40,NO,NO,1125,3,20
4919290000000.0,1115860000000000.0,5/8/2019 01:21:55,NO,NO,16,2,100
16884100000000.0,413663000000000.0,14/10/2018 03:20:56,NO,NO,0,2,0
16403100000000.0,1464240000000000.0,9/3/2018 14:00:46,NO,NO,401,6,100
10547500000000.0,143328000000000.0,1/12/2019 03:32:10,NO,NO,31,2,67
15370300000000.0,1966150000000000.0,15/2/2020 02:09:25,NO,NO,161,2,100
20313100000000.0,1358220000000000.0,27/2/2020 04:02:19,NO,NO,207,2,67
5382950000000.0,1582680000000000.0,12/8/2020 08:48:24,NO,NO,195,3,100
16204800000000.0,1949650000000000.0,10/6/2019 23:33:37,NO,NO,54,4,100
8459130000000.0,143363000000000.0,10/9/2019 10:25:10,NO,NO,16,0,0
20141000000000.0,1268380000000000.0,10/2/2019 09:36:32,NO,NO,634,2,67
20647800000000.0,1596880000000000.0,1/5/2018 07:24:29,NO,NO,447,0,0
15013500000000.0,320797000000000.0,9/10/2018 19:33:47,NO,NO,0,1,0
8481840000000.0,1.28106e+18,28/7/2020 10:00:45,NO,NO,340,3,80
13418400000000.0,320797000000000.0,18/10/2018 03:37:08,NO,NO,0,1,0
2809700000000.0,1488360000000000.0,1/11/2020 15:23:02,NO,NO,385,3,66
8396250000000.0,1778360000000000.0,22/9/2020 15:23:43,NO,NO,190,4,100
15216000000000.0,1692550000000000.0,19/2/2020 05:08:38,NO,NO,416,4,100
3079820000000.0,1573590000000000.0,16/7/2018 12:30:10,NO,NO,382,4,100
6666900000000.0,1513330000000000.0,28/1/2019 11:40:24,NO,NO,1315,3,0
17992700000000.0,1.26844e+18,22/6/2020 01:00:13,NO,NO,1270,2,100
2564380000000.0,130066000000000.0,27/3/2019 11:20:04,NO,NO,620,0,0
14646100000000.0,609503000000000.0,21/12/2018 02:20:49,NO,NO,1186,1,0
2228410000000.0,1940100000000000.0,9/11/2019 09:33:53,NO,NO,5140,0,0
13830100000000.0,1109070000000000.0,30/10/2019 14:16:21,NO,NO,83,2,60
9008040000000.0,207688000000000.0,15/6/2018 07:32:19,NO,NO,1726,1,0
9036610000000.0,1402710000000000.0,13/11/2018 03:23:34,NO,NO,183,3,100
18847700000000.0,102470000000000.0,30/12/2019 07:44:15,NO,NO,1225,2,0
19386600000000.0,1382750000000000.0,11/6/2020 10:47:23,NO,NO,325,3,99
6666900000000.0,1709950000000000.0,24/1/2019 01:01:02,NO,NO,261,3,100
3198400000000.0,1941010000000000.0,8/10/2019 01:01:02,NO,NO,458,3,67
18308900000000.0,404716000000000.0,5/11/2019 12:37:14,NO,NO,2423,2,0
16018700000000.0,163038000000000.0,20/6/2020 12:21:15,NO,NO,525,2,50
14973000000000.0,1774070000000000.0,15/7/2019 05:28:49,NO,NO,269,3,100
20404100000000.0,1283050000000000.0,19/9/2019 08:56:03,NO,NO,41,7,0
12476100000000.0,183229000000000.0,14/12/2018 15:57:32,NO,NO,192,2,100
19784300000000.0,1866400000000000.0,20/3/2019 11:18:39,NO,NO,49,2,80
4063300000000.0,1861540000000000.0,11/2/2020 10:48:50,NO,NO,210,2,100
12846800000000.0,1405170000000000.0,10/11/2019 04:51:36,NO,NO,256,2,100
14415300000000.0,1.1666e+18,16/6/2020 08:32:10,NO,NO,144,6,0
12566300000000.0,1950460000000000.0,20/9/2020 12:53:00,NO,NO,480,3,80
5411690000000.0,1133260000000000.0,31/12/2019 13:02:35,NO,NO,44,2,70
19710600000000.0,1.26619e+18,29/5/2020 03:45:43,NO,NO,190,2,100
16016600000000.0,1.25539e+18,11/5/2020 08:52:18,NO,NO,875,2,100
16522900000000.0,1664140000000000.0,26/12/2018 02:00:57,NO,NO,263,2,75
10666300000000.0,1.30985e+18,25/10/2020 23:40:21,NO,NO,425,2,100
18081400000000.0,1535340000000000.0,30/12/2019 15:07:41,NO,NO,57,3,100
9915820000000.0,645297000000000.0,17/1/2020 08:14:30,NO,NO,3120,3,0
15694000000000.0,161549000000000.0,27/6/2018 22:15:15,NO,NO,93,4,67
16522900000000.0,1496410000000000.0,3/3/2020 02:02:12,NO,NO,56,3,100
3840990000000.0,1.32058e+18,6/11/2020 07:20:07,NO,NO,1130,5,100
17992700000000.0,1229140000000000.0,17/2/2020 09:20:44,NO,NO,456,2,67
16468600000000.0,1320240000000000.0,12/2/2020 02:35:10,NO,NO,55,3,100
5590970000000.0,1912860000000000.0,12/11/2019 00:39:29,NO,NO,26,0,0
19911300000000.0,1393830000000000.0,19/9/2018 01:58:47,NO,NO,922,2,100
20329400000000.0,1872520000000000.0,18/12/2017 07:45:39,NO,NO,452,2,67
10860800000000.0,1245570000000000.0,2/4/2019 03:13:09,NO,NO,18,0,0
19713900000000.0,1.28332e+18,17/9/2020 15:26:36,NO,NO,25,4,67
16403100000000.0,1233310000000000.0,22/6/2018 05:09:30,NO,NO,243,0,0
3955110000000.0,1273180000000000.0,17/5/2017 00:37:02,NO,NO,1355,0,0
15851700000000.0,1734090000000000.0,26/3/2020 12:49:21,NO,NO,34,2,100
15694000000000.0,1.32058e+18,26/10/2020 11:46:42,NO,NO,1130,9,60
15370300000000.0,1301960000000000.0,3/9/2019 04:03:24,NO,NO,822,0,0
1939490000000.0,670302000000000.0,25/10/2019 10:27:59,NO,NO,2074,2,0
10890400000000.0,1652250000000000.0,14/12/2019 01:41:26,NO,NO,46,2,100
2831480000000.0,1.12568e+18,15/5/2019 03:46:04,NO,NO,2052,10,0
7702250000000.0,1381170000000000.0,25/3/2020 14:44:47,NO,NO,48,2,33
2552200000000.0,1.3185e+18,22/10/2020 08:00:44,NO,YES,1850,7,40
3062350000000.0,1496410000000000.0,10/3/2020 08:38:16,NO,NO,49,2,100
3794100000000.0,1496410000000000.0,2/3/2020 06:29:44,NO,NO,348,3,100
3167410000000.0,1.2833e+18,25/8/2020 04:28:15,NO,NO,650,4,40
5411690000000.0,1378430000000000.0,19/6/2018 14:55:07,NO,NO,451,3,75
4548030000000.0,1543040000000000.0,16/6/2019 10:32:20,NO,NO,250,3,100
5062640000000.0,530332000000000.0,30/11/2018 00:45:25,NO,NO,1280,1,0
19911300000000.0,1861720000000000.0,14/10/2019 02:10:24,NO,NO,452,3,75
18710800000000.0,998885000000000.0,12/10/2018 00:50:23,NO,NO,0,1,0
9485200000000.0,1245570000000000.0,4/6/2018 11:04:23,NO,NO,336,0,0
3167410000000.0,1572090000000000.0,15/12/2019 06:51:44,NO,NO,284,2,100
3723890000000.0,1187270000000000.0,7/3/2019 13:11:19,NO,NO,251,2,100
7900920000000.0,1985250000000000.0,16/8/2018 13:17:16,NO,NO,426,2,67
18308900000000.0,1.30289e+18,4/11/2020 04:40:33,NO,NO,4115,3,0
6402970000000.0,1881120000000000.0,31/3/2020 03:17:23,NO,NO,27,2,67
3604840000000.0,1269270000000000.0,27/12/2018 11:51:54,NO,NO,52,4,100
5411690000000.0,1540290000000000.0,31/12/2019 10:10:08,NO,NO,21,2,100
13024200000000.0,1853640000000000.0,27/2/2020 04:04:53,NO,NO,94,2,66
9201260000000.0,1304260000000000.0,8/3/2019 01:02:23,NO,NO,85,2,80
5382950000000.0,1242570000000000.0,28/8/2020 07:30:06,NO,NO,225,3,100
14593600000000.0,1281460000000000.0,6/7/2019 15:39:55,NO,NO,630,3,100
2831480000000.0,1.12601e+18,13/5/2019 15:33:26,NO,NO,900,4,100
10131500000000.0,1.27573e+18,29/6/2020 00:02:52,NO,NO,70,2,80
3840990000000.0,1269270000000000.0,21/9/2019 09:30:47,NO,NO,350,4,100
13031500000000.0,1730180000000000.0,23/3/2018 22:42:28,NO,NO,127,2,67
1939490000000.0,958746000000000.0,24/10/2019 01:00:20,NO,NO,1425,2,0
12811700000000.0,1.28264e+18,3/8/2020 11:08:02,NO,NO,235,2,70
3455180000000.0,1.24093e+18,22/9/2020 07:27:36,NO,NO,108,2,0
3122950000000.0,972470000000000.0,10/10/2018 23:33:52,NO,NO,2051,16,0
5470760000000.0,829538000000000.0,29/8/2018 23:42:23,NO,NO,1923,15,0
1676200000000.0,1555510000000000.0,30/3/2020 06:46:23,NO,NO,378,3,100
16022300000000.0,1.30315e+18,24/9/2020 10:14:04,NO,NO,180,3,0
3936100000000.0,1853640000000000.0,25/2/2020 10:27:25,NO,NO,138,3,100
20730400000000.0,122921000000000.0,2/7/2020 10:25:40,NO,NO,205,3,66
15570300000000.0,1.23468e+18,13/3/2020 09:01:45,NO,NO,4820,5,0
8338180000000.0,1830750000000000.0,28/2/2019 15:39:01,NO,NO,95,2,34
3955110000000.0,1871630000000000.0,26/3/2020 02:01:49,NO,NO,23,3,67
18081400000000.0,1270870000000000.0,6/11/2018 01:07:27,NO,NO,262,2,100
19911300000000.0,1287070000000000.0,20/2/2020 08:25:38,NO,NO,17,2,100
20223900000000.0,1.29021e+18,27/9/2020 04:32:56,NO,NO,2505,1,0
18381500000000.0,1879460000000000.0,9/4/2018 09:10:41,NO,NO,411,0,0
5590970000000.0,1424120000000000.0,20/8/2018 13:12:22,NO,NO,609,3,100
11875500000000.0,1139950000000000.0,13/11/2018 00:53:47,NO,NO,188,2,66
3062300000000.0,1931780000000000.0,11/2/2020 11:40:45,NO,NO,12,2,100
4548030000000.0,1921230000000000.0,13/11/2018 22:23:46,NO,NO,362,3,100
10161200000000.0,1.15864e+18,14/3/2020 00:00:06,NO,YES,1488,2,0
5574110000000.0,181134000000000.0,6/11/2019 07:07:52,NO,NO,1045,1,0
1939490000000.0,34278000000000.0,17/1/2020 14:53:28,NO,NO,4234,4,0
15615900000000.0,1.25356e+18,4/7/2020 13:20:57,NO,NO,243,2,0
17845900000000.0,18696600000000.0,2/4/2019 02:36:58,NO,NO,20,2,100
6915960000000.0,1185050000000000.0,14/6/2018 22:52:32,NO,NO,5,0,0
8712620000000.0,1363180000000000.0,13/5/2019 11:45:42,NO,NO,877,4,100
1453630000000.0,823598000000000.0,30/12/2019 00:07:23,NO,NO,4130,3,0
3940900000000.0,1489700000000000.0,14/3/2018 02:01:01,NO,NO,236,3,100
18081400000000.0,1574340000000000.0,11/5/2018 07:44:38,NO,NO,306,2,100
4646050000000.0,812203000000000.0,1/12/2018 12:06:39,NO,NO,1202,1,0
2831480000000.0,1.12569e+18,13/5/2019 20:35:33,NO,NO,1855,4,0
19541800000000.0,1239550000000000.0,12/2/2020 08:37:18,NO,NO,36,2,100
14270000000000.0,1.30316e+18,9/11/2020 14:45:57,NO,NO,1960,2,0
6666900000000.0,1798800000000000.0,23/2/2019 01:37:14,NO,NO,333,3,100
15846000000000.0,1728130000000000.0,28/1/2020 03:18:49,NO,NO,14,2,0
3482920000000.0,1641820000000000.0,25/3/2018 02:41:19,NO,NO,348,4,67
2564380000000.0,1218670000000000.0,12/3/2020 07:30:24,NO,NO,0,0,0
5396060000000.0,1683990000000000.0,20/6/2019 14:11:23,NO,NO,141,5,100
3062300000000.0,1470730000000000.0,17/6/2020 12:05:25,NO,NO,530,3,67
3450030000000.0,1144440000000000.0,30/5/2020 06:11:51,NO,NO,160,2,100
12476100000000.0,1495520000000000.0,11/3/2019 10:52:48,NO,NO,76,0,0
9230270000000.0,1413380000000000.0,31/1/2020 14:13:21,NO,NO,2,0,0
12069000000000.0,1.31058e+18,30/9/2020 14:07:39,NO,NO,155,3,100
4939750000000.0,1692540000000000.0,12/2/2020 11:56:04,NO,NO,228,3,100
12476100000000.0,1860410000000000.0,30/5/2020 12:52:49,NO,NO,165,4,100
3936100000000.0,1397520000000000.0,29/9/2019 09:04:27,NO,NO,300,5,100
2809700000000.0,1179980000000000.0,6/2/2019 01:13:44,NO,NO,701,0,0
3062300000000.0,1590480000000000.0,31/12/2017 04:40:09,NO,NO,143,2,100
2594930000000.0,121479000000000.0,30/10/2019 12:21:04,NO,NO,1718,1,0
14270000000000.0,1.29048e+18,2/10/2020 00:55:32,NO,NO,345,1,0
19509200000000.0,1.30939e+18,28/10/2020 07:57:07,NO,NO,1980,3,0
19204500000000.0,1764690000000000.0,28/5/2020 15:11:11,NO,NO,155,3,33
17919600000000.0,1315410000000000.0,6/5/2019 14:27:04,NO,NO,8,0,0
17748300000000.0,1867000000000000.0,24/6/2019 01:31:32,NO,NO,62,2,0
12971700000000.0,1153080000000000.0,5/12/2018 05:36:13,NO,NO,116,4,100
11375800000000.0,1319710000000000.0,4/12/2019 01:09:58,NO,NO,21,2,100
20329400000000.0,1611080000000000.0,18/2/2020 07:21:55,NO,NO,315,3,50
2564380000000.0,1877630000000000.0,28/3/2019 11:58:22,NO,NO,451,3,80
5073480000000.0,1824770000000000.0,28/9/2020 04:52:45,NO,NO,270,2,100
20488300000000.0,1152810000000000.0,31/7/2019 01:57:25,NO,NO,282,2,100
2788330000000.0,1441410000000000.0,12/8/2018 01:56:41,NO,NO,193,0,0
2398700000000.0,1229140000000000.0,18/2/2020 07:24:28,NO,NO,131,2,100
17748300000000.0,1853460000000000.0,26/6/2019 06:01:48,NO,NO,208,2,33
13024200000000.0,184146000000000.0,15/5/2017 06:04:01,NO,NO,447,2,0
5820650000000.0,1861540000000000.0,6/2/2020 05:18:38,NO,NO,979,2,100
20643300000000.0,1459760000000000.0,20/6/2018 14:08:17,NO,NO,943,5,100
3167410000000.0,1966790000000000.0,30/10/2018 10:23:32,NO,NO,384,2,100
5694770000000.0,1467500000000000.0,12/3/2019 19:00:40,NO,NO,286,4,100
9798090000000.0,164493000000000.0,11/6/2019 12:26:36,NO,NO,9,1,0
18416900000000.0,1.30315e+18,15/9/2020 00:18:16,NO,NO,180,1,0
12971700000000.0,1158140000000000.0,26/7/2018 10:34:52,NO,NO,383,2,100
10925700000000.0,1363180000000000.0,7/5/2019 01:35:08,NO,NO,1047,2,100
12846800000000.0,1673440000000000.0,27/6/2019 11:15:18,NO,NO,75,3,100
16128900000000.0,1770200000000000.0,14/9/2018 08:16:29,NO,NO,483,2,67
18081400000000.0,1156050000000000.0,30/7/2020 04:02:41,NO,NO,210,2,84
1570220000000.0,1565000000000000.0,7/9/2020 08:45:43,NO,NO,290,3,67
2234720000000.0,823598000000000.0,9/1/2020 23:48:46,NO,NO,0,2,0
16204800000000.0,1667800000000000.0,12/3/2019 00:56:00,NO,NO,443,5,67
16864000000000.0,1825530000000000.0,13/4/2018 01:25:11,NO,NO,280,0,0
16018700000000.0,163158000000000.0,26/9/2019 08:51:45,NO,NO,29,2,100
16949800000000.0,1.16727e+18,2/12/2019 00:40:34,NO,NO,8,1,0
9105250000000.0,1388780000000000.0,23/7/2019 14:48:51,NO,NO,75,2,80
14365300000000.0,1212250000000000.0,3/3/2019 14:14:16,NO,NO,316,3,90
6666900000000.0,1905340000000000.0,18/2/2019 08:21:33,NO,NO,288,2,100
15660500000000.0,195627000000000.0,10/6/2020 10:28:27,NO,NO,200,3,30
2809700000000.0,1115690000000000.0,12/3/2019 13:08:07,NO,NO,1792,2,75
16403100000000.0,1330250000000000.0,5/12/2018 11:13:23,NO,NO,443,0,0
6915960000000.0,175935000000000.0,16/6/2020 15:44:05,NO,YES,190,2,66
1676200000000.0,1309730000000000.0,19/9/2019 13:26:48,NO,NO,186,2,34
3723890000000.0,1574930000000000.0,12/2/2020 08:10:02,NO,NO,529,2,100
17845900000000.0,1918110000000000.0,12/11/2019 10:31:43,NO,NO,29,2,67
16799000000000.0,1718500000000000.0,12/11/2019 08:06:01,NO,NO,267,5,100
10754600000000.0,1152810000000000.0,29/9/2018 10:50:01,NO,NO,317,3,67
3482920000000.0,1446440000000000.0,1/6/2018 06:15:34,NO,NO,75,2,67
12971700000000.0,182274000000000.0,9/9/2019 14:36:55,NO,NO,44,2,66
15370300000000.0,1567970000000000.0,13/2/2020 10:38:07,NO,NO,264,3,100
20373600000000.0,1358930000000000.0,7/9/2020 06:18:24,NO,NO,265,6,34
6686860000000.0,1.29302e+18,11/9/2020 02:52:34,NO,NO,326,6,0
13024200000000.0,1281960000000000.0,30/3/2019 08:36:00,NO,NO,148,2,67
12476100000000.0,1619530000000000.0,15/9/2018 09:03:49,NO,NO,227,4,67
10957700000000.0,1855480000000000.0,19/11/2017 08:34:34,NO,NO,151,2,0
9485200000000.0,1812660000000000.0,17/3/2018 02:48:04,NO,NO,564,6,100
3079820000000.0,1.25542e+18,18/6/2020 16:22:46,NO,YES,260,3,75
2552200000000.0,1229140000000000.0,18/2/2020 12:53:11,NO,NO,78,3,100
12069000000000.0,1871790000000000.0,14/2/2020 14:39:46,NO,NO,67,2,75
15643700000000.0,1467290000000000.0,4/11/2019 23:48:29,NO,NO,209,2,100
5590970000000.0,1.25539e+18,29/5/2020 10:33:31,NO,NO,1735,5,80
5583320000000.0,1719540000000000.0,7/6/2018 12:26:24,NO,NO,530,4,100
5694770000000.0,161549000000000.0,13/4/2018 03:39:39,NO,NO,249,5,100
3167410000000.0,12654100000000.0,18/3/2019 11:47:31,NO,NO,398,2,100
10860800000000.0,1280440000000000.0,3/3/2019 23:09:10,NO,NO,2,0,0
14415300000000.0,299983000000000.0,17/1/2020 11:22:26,NO,NO,8046,7,0
12476100000000.0,1109070000000000.0,12/4/2020 05:01:55,NO,NO,49,2,100
20277400000000.0,1.15974e+18,14/4/2020 12:03:20,NO,NO,664,6,0
7604030000000.0,1928240000000000.0,23/2/2020 10:51:07,NO,NO,31,2,75
9915820000000.0,595843000000000.0,31/12/2019 05:19:04,YES,NO,6922,6,0
